;dose_form;dose_form_st;N
1;NA;NA;48564238
2;tablet;tablet;7147715
3;unknown;NA;2274417
4;capsule;capsule;2107472
5;solution for injection;solution for injection;2032926
6;injection;solution for injection;1619027
7;film-coated tablet;coated tablet;887055
8;capsules;capsule;793720
9;unspecified;NA;756242
10;tablets;tablet;654967
11;solution for injection in pre-filled pen;solution for injection;622919
12;powder for injection;powder for injection;562002
13;solution for injection in pre-filled syringe;solution for injection;545618
14;prolonged-release tablet;tablet-XR;460113
15;solution for infusion;solution for infusion;459188
16;cutaneous solution;cutaneous solution;449028
17;capsule, hard;capsule;321980
18;gel;gel;305237
19;oral solution;oral solution;291854
20;concentrate for solution for infusion;solution for infusion;285300
21;unknown formulation;NA;250533
22;formulation unknown;NA;240342
23;solution for peritoneal dialysis;solution for peritoneal dialysis;237296
24;powder for solution for infusion;solution for infusion;198761
25;inhalation powder;inhalation powder;184691
26;transdermal patch;transdermal patch;161201
27;unk;NA;160223
28;prolonged-release capsule;capsule-XR;135587
29;infusion;solution for infusion;129115
30;powder for solution for injection;solution for injection;119133
31;coated tablet;coated tablet;110159
32;intravenous infusion;solution for infusion;109783
33;cutaneous liquid;cutaneous liquid;105750
34;intrauterine delivery system;intrauterine delivery system;100658
35;powder and solvent for solution for injection;solution for injection;100425
36;lyophilized powder;lyophilized powder;94985
37;cream;cream;91109
38;modified-release tablet;tablet-MR;76337
39;implant;implant;68875
40;ointment;ointment;66976
41;infusion, solution;solution for infusion;66034
42;solution;solution;66021
43;powder for oral solution;oral solution;65358
44;suspension for injection;suspension for injection;58970
45;eye drops, solution;eye drops;57885
46;eye drops;eye drops;52733
47;nasal spray;nasal spray;52085
48;inhalation powder, hard capsule;inhalation powder;48296
49;chewable tablet;chewable;43089
50;extended release tablet;tablet-XR;42174
51;inhalation gas;inhalation gas;41014
52;powder;powder;37536
53;suspension;suspension;36619
54;subcutaneous injection;subcutaneous injection;35658
55;orodispersible tablet;orodispersible tablet;34076
56;capsule, soft;capsule;33732
57;injection, solution;solution for injection;31695
58;powder and solvent for solution for infusion;solution for infusion;31669
59;liquid;liquid;31634
60;modified-release capsule, hard;capsule-MR;31132
61;oral suspension;oral suspension;30571
62;inhaler;inhaler;30407
63;injection for infusion;solution for infusion;28718
64;oros (oral osmotic) therapeutic system tablet;per os;27935
65;syrup;syrup;27805
66;foam;foam;27432
67;inhalation solution;inhalation solution;25388
68;solution for injection/infusion;solution for infusion;24613
69;per oral nos;per os;24099
70;intrauterine device;intrauterine device;23065
71;patch;patch;22308
72;gastro-resistant tablet;tablet-gastroresistant;21902
73;dispersible tablet;orodispersible tablet;21832
74;vial;vial;21086
75;film coated tablet;coated tablet;20316
76;powder for infusion;powder for infusion;20120
77;pressurised inhalation;inhalation gas;19575
78;powder for concentrate for solution for infusion;solution for infusion;18928
79;inhalation vapour, liquid;inhalation vapour;18584
80;vaginal ring;vaginal ring;18255
81;oral liquid;oral solution;16462
82;caplet;caplet;15464
83;suppository;suppository;15430
84;intestinal gel;intestinal gel;14489
85;slow release capsules;capsule-SR;14349
86;powder for oral suspension;oral suspension;14043
87;vaginal cream;vaginal cream;13924
88;cutaneous paste;cutaneous paste;13881
89;transdermal system;transdermal system;13659
90;trans-therapeutic-system;transdermal system;12141
91;microspheres;microspheres;11953
92;granules;granules;11831
93;drops;drops;11657
94;cutaneous foam;cutaneous foam;11357
95;sublingual tablet;sublingual tablet;11093
96;not specified;NA;10773
97;spray;spray;10671
98;matrix patch;transdermal patch;10522
99;pressurised inhalation, suspension;inhalation suspension;10035
100;powder and solvent for suspension for injection;suspension for injection;9666
101;nasal spray, suspension;nasal spray;9335
102;nebuliser solution;nebuliser;9280
103;inhalation vapour, solution;inhalation vapour;9132
104;liposome injection;liposome injection;8897
105;injection, powder, lyophilized, for solution;solution for injection;8566
106;gastroenteral suspension;gastroenteral suspension;7957
107;gastro-resistant coated tablet;tablet-gastroresistant;7844
108;lozenge;lozenge;7831
109;cutaneous patch;patch;7810
110;oral drug unspecified form;per os;7705
111;inhalant;inhalant;7646
112;oral drops;oral drops;7232
113;shampoo;shampoo;7145
114;pre-filled syringe;solution for injection;6805
115;sustained release tablets;tablet-SR;6706
116;pill;pills;6588
117;investigational dosage form;NA;6293
118;soln for inject in pre-filled syringe;solution for injection;6263
119;powder for sol for inj;solution for injection;6060
120;dry powder;powder;6038
121;er tablets;tablet-XR;6032
122;multi dose powder inhaler;inhaler;6007
123;oral drops, solution;oral drops;5957
124;medicated chewing-gum;chewable;5591
125;effervescent tablet;orodispersible tablet;5570
126;powder (except [dpo]);powder;5409
127;lotion;lotion;5297
128;suspension for injection in pre-filled syringe;suspension for injection;5160
129;nebuliser liquid;nebuliser;5075
130;oral powder;oral powder;5068
131;vaginal delivery system;vaginal delivery system;4852
132;gastro-resistant capsule;capsule-gastroresistant;4790
133;aerosol;aerosol;4303
134;enteric-coated tablet;tablet-gastroresistant;4275
135;eye drops, suspension;eye drops;4048
136;poultice or patch;patch;4033
137;concentrate for solution for injection;solution for injection;4028
138;powder for solution for injection or infusion;solution for infusion;4017
139;inhalation;inhalant;3920
140;inhalation vapour, powder;inhalation vapour;3845
141;hfa-cfc free inhaler;inhaler;3754
142;powder for solution for injection/infusion;"solution for infusion;solution for injection";3547
143;cutaneous stick;cutaneous stick;3474
144;tablet, extended release;tablet-XR;3399
145;impregnated pad;impregnated pad;3376
146;prolonged-release capsule, hard;capsule-XR;3368
147;modified-release capsule, soft;capsule-MR;3271
148;inhalation vapour;inhalation vapour;3182
149;extended release capsules;capsule-XR;3157
150;softgel capsule;gel capsule;3142
151;pen;pen;3132
152;unassigned;NA;3102
153;pillules;pills;3095
154;enema;enema;2954
155;ampoule;ampoule;2928
156;slow release tablet;tablet-SR;2839
157;gastro-resistant capsule, hard;capsule-gastroresistant;2764
158;solution (except syrup);solution;2749
159;drop;drops;2697
160;cutaneous spray;cutaneous spray;2672
161;nasal spray, solution;nasal spray;2577
162;topical solution;cutaneous solution;2511
163;intravenous;solution for injection;2510
164;sub-cutaneous injection;solution for injection;2426
165;prefilled syringe;solution for injection;2418
166;tablet, film coated;coated tablet;2406
167;sachet;sachet;2394
168;powder for instillation fluid;powder;2390
169;emulsion for injection;emulsion for injection;2386
170;enteric coated tablet;tablet-gastroresistant;2343
171;extended-release tablet;tablet-XR;2324
172;aerosol for inhalation;aerosol;2316
173;spray  (not inhalation);spray;2314
174;eye ointment;eye ointment;2228
175;granule;granules;2226
176;ophthalmic insert;ophthalmic insert;2176
177;sublingual film;sublingual spray;2168
178;powder for suspension for injection;suspension for injection;2165
179;not provided;NA;2155
180;powder for solution;solution;2154
181;peroral medicine;per os;2112
182;scored tablet;tablet;2042
183;nebuliser suspension;nebuliser;2033
184;preparation for oral use(nos);per os;2033
185;sustained-release tablet;tablet-SR;2017
186;oral lyophilisate;oral lyophilisate;1972
187;dry powder inhaler;inhalation powder;1952
188;eye drops nos;eye drops;1894
189;tablets unflavoured;tablet;1879
190;solution subcutaneous;subcutaneous injection;1870
191;mouth wash;mouth wash;1864
192;enteric tablet;tablet-gastroresistant;1839
193;vaginal tablet;vaginal tablet;1827
194;direct auto-injector;solution for injection;1812
195;ear drops;ear drops;1796
196;aerosol (spray and inhalation);aerosol;1771
197;urethral stick;urethral stick;1765
198;emulsion for infusion;emulsion for infusion;1747
199;rapidly-disintegrating tablets;orodispersible tablet;1730
200;modified release tablet;tablet-MR;1705
201;tape (including poultice);patch;1664
202;tablet (extended release);tablet-XR;1658
203;mouthwash;mouth wash;1646
204;concentrate for solution for injection/infusion;solution for infusion;1614
205;intravenous injection;solution for injection;1554
206;emulsion;emulsion;1553
207;***;NA;1521
208;pressurised inhalation, solution;inhalation solution;1501
209;gelcaps;gel capsule;1500
210;powder for (solution for) injection;solution for injection;1494
211;eye gel;eye gel;1488
212;sol. aerosol metered dose inh.;inhalant;1485
213;capsule, delayed release;capsule-DR;1479
214;prolonged-release suspension for injection;suspension for injection;1461
215;other;NA;1432
216;toothpaste;oral paste;1428
217;hard-gelatin capsule;gel capsule;1415
218;suspension for injection in pre-filled pen;suspension for injection;1389
219;modified-release film-coated tablet;tablet-MR;1385
220;kit for radiopharmaceutical preparation;kit for radiopharmaceutical preparation;1341
221;sustained-release capsule;capsule-SR;1328
222;ointment, cream;ointment;1281
223;ophthalmic;ophtalmic;1130
224;solvent for parenteral use;solution for infusion;1099
225;ampoules;ampoule;1079
226;pill (except tablets);pills;1073
227;extended release;XR;1041
228;suspension for infusion;suspension for infusion;1029
229;sustained release tablet;tablet-SR;1028
230;lotion (except lotion for eye);lotion;1012
231;dispersion for infusion;solution for infusion;994
232;cutaneous powder;cutaneous powder;952
233;buccal tablet;tablet;941
234;poultice;patch;931
235;nasal drops;nasal drops;913
236;soft capsule;capsule;898
237;gum;chewable;871
238;powder for solution intravenous;solution for injection;864
239;unspecified inhaler device;inhaler;860
240;spray (except inhalation);spray;860
241;tablet for oral suspension;tablet;857
242;capsule, delayed release pellets;capsule-DR;849
243;tablet, orally disintegrating;tablet;824
244;powder for sol for inf;solution for infusion;818
245;prefilled syringe xtr injectable susp;suspension for injection;814
246;sublingual spray;sublingual spray;786
247;suspension and solution for spray;spray;780
248;208 ();NA;775
249;tab;tablet;771
250;sterile powder;powder;767
251;dry syrup;syrup;765
252;gargle;mouth wash;754
253;aerosol, metered;aerosol;746
254;compressed lozenge;lozenge;742
255;injection, suspension;suspension for injection;738
256;standard solution;solution;727
257;nasal drops, solution;nasal drops;722
258;oromucosal spray;oral spray;718
259;tablet, delayed release;tablet-DR;696
260;enteric-film-coated tablet;tablet-gastroresistant;688
261;rectal foam;rectal foam;681
262;oral emulsion;oral emulsion;669
263;spray, metered;spray;663
264;prolonged release tablet;tablet-XR;662
265;jelly;gel;658
266;granules for oral suspension;granules;654
267;medicated plaster;medicated plaster;654
268;soft gelatin capsule;gel capsule;650
269;unknown (other/unspecified);NA;650
270;granules for oral solution;granules;638
271;soluble tablet;orodispersible tablet;635
272;tape;patch;632
273;delayed release capsule;capsule-DR;629
274;grain;granules;622
275;concentrate for cutaneous solution;cutaneous solution;621
276;capsule, extended release;capsule-XR;615
277;aqueous spray;spray;611
278;liquid gel capsules;gel capsule;581
279;powder and solvent for oral solution;oral solution;579
280;iv infusion;solution for infusion;571
281;extended-release capsule;capsule-XR;563
282;granulate;granules;562
283;tablet-controlled release;tablet-CR;553
284;solution for skin-prick test;solution;553
285;coated bilayer tablet;coated tablet;548
286;drops (unspecified);drops;539
287;breakable tablet;tablet;535
288;spray (unspecified);spray;535
289;fine granule;granules;527
290;injection, powder;powder for injection;527
291;vaginal gel;vaginal gel;525
292;tablet-extended release;tablet-XR;511
293;sealant;sealant;504
294;ear/eye drops, solution;drops;494
295;oil;ointment;494
296;buccal film;per os;489
297;ear drops, solution;ear drops;488
298;irrigation solution;solution;478
299;rectal gel;rectal gel;470
300;unspecified tablet;tablet;463
301;amp im;solution for injection;462
302;inhalation aerosol;aerosol;460
303;nasal drop (nasal spray too);nasal drops;458
304;rectal suspension;rectal suspension;449
305;device;device;447
306;tablet, coated;coated tablet;444
307;orally disintegrating tablets;orodispersible tablet;434
308;implantation;implant;434
309;ophthalmic solution;ophtalmic;429
310;inhalant, pressurised;inhalant;418
311;cutaneous emulsion;cutaneous emulsion;412
312;prolonged-release granules;granules;405
313;cutaneous spray, powder;cutaneous spray;401
314;cachet;cachet;396
315;modified-release granules;granules;393
316;aerosols;aerosol;388
317;extended release capsule;capsule-XR;387
318;nasal powder;nasal powder;386
319;tablets flavoured;tablet;384
320;injectable suspension;suspension for injection;384
321;eye gel nos;eye gel;381
322;radionuclide generator;kit for radiopharmaceutical preparation;381
323;solution intravenous;solution for injection;381
324;tablet, chewable;tablet;379
325;tablet, enteric-coated;coated tablet;370
326;orally disintegrating tablet;orodispersible tablet;360
327;lyophilisate for suspension for injection;suspension for injection;360
328;chewable gum;chewable;358
329;sprinkle capsules;sprinkle capsule;358
330;non company formulation;NA;357
331;elixir;elixir;356
332;implantation tablet;tablet;355
333;capsule sr;capsule-SR;351
334;gastro-resistant capsules;capsule-gastroresistant;349
335;5;NA;343
336;prolonged release capsule;capsule-XR;338
337;drops(for oral use);drops;337
338;vaginal capsule;vaginal capsule;337
339;emulsion for injection/infusion;emulsion for infusion;336
340;concentrate for oral solution;oral solution;333
341;chewing gum;chewable;332
342;peroral agent;per os;324
343;implant - living tissue equivalent;implant;319
344;nasal drops (including nasal spray);"nasal drops;nasal spray";317
345;softgel;gel;311
346;injectable dry vial;vial;310
347;kit;NA;299
348;oral gel;oral gel;298
349;intrathecal infusion;intrathecal infusion;296
350;intravitreal implant in applicator;ophthalmic insert;295
351;emulgel;gel;290
352;injection for subcutaneous use;solution for injection;290
353;capsule,hard;capsule;285
354;dispersion for injection;solution for injection;285
355;vaginal insert;vaginal delivery system;277
356;pessary;pessary;276
357;effervescent granules;granules;271
358;dental emulsion;dental gel;270
359;fine granules;granules;269
360;extended-release capsules;capsule-XR;252
361;herbal tea;herbal tea;250
362;wafer;wafer;248
363;scored film-coated tablet;coated tablet;246
364;inhalation vapour, ointment;inhalation vapour;246
365;chewable/dispersible tablet;chewable;244
366;living tissue equivalent;implant;241
367;intramuscular injection;solution for injection;237
368;ear drops, suspension;ear drops;236
369;troche;lozenge;236
370;extended release tablets;tablet-XR;229
371;film coated tablets;coated tablet;228
372;solution for infusion in pre-filled syringe;solution for infusion;226
373;powder and solution for solution for injection;solution for injection;224
374;orodispersible film;per os;223
375;muco-adhesive buccal tablet;tablet;215
376;tablet, enteric coated;coated tablet;215
377;delayed-release tablet;tablet-DR;214
378;capsule extended release;capsule-XR;212
379;oral granules;granules;210
380;powder for oral solution in sachet;oral solution;207
381;dental gel;dental gel;206
382;oral disintegrating tablets;tablet;206
383;solution for intravesical use;solution for intravesical use;202
384;rapdisc;NA;198
385;capsule delayed release;capsule-DR;198
386;uncoated tablet;tablet;197
387;por;NA;196
388;er;XR;193
389;delayed release capsules;capsule-DR;191
390;aerosol inhalant;aerosol;190
391;solution for haemodialysis;solution for haemodialysis;190
392;extended-release tablets;tablet-XR;190
393;oral gum;chewable;189
394;hard capsule;capsule;189
395;sustained release capsule;capsule-SR;184
396;nasal drops, suspension;nasal drops;184
397;paste;paste;179
398;inhalation vapour, capsule;inhalation vapour;178
399;pellets;pellets;175
400;vaginal capsule, soft;vaginal capsule;173
401;tablet, sustained release;tablet-XR;169
402;lyophilized powder for preparation for injection;powder for injection;167
403;orodispersible cr tablet;orodispersible tablet;165
404;oral drops, suspension;oral drops;164
405;film-coated tablets;coated tablet;163
406;rectal ointment;rectal ointment;162
407;inj;solution for injection;162
408;infusion, powder;powder for infusion;157
409;insert;implant;157
410;powder and solvent for oral suspension;oral suspension;156
411;injectable solution;solution for injection;155
412;nasal spray solution;nasal spray;155
413;powder + solvent for soln for injection;powder for injection;150
414;medicated sponge;medicated sponge;149
415;powder injection;powder for injection;148
416;sugar-coated tablet;coated tablet;147
417;inhalation powder, pre-dispensed;inhalation powder;144
418;gastro-resistant granules;granules;144
419;amp iv;ampoule;142
420;solution for haemodiafiltration;solution for haemodialysis;138
421;opthalamic solution;ophtalmic;138
422;immediate release capsule;capsule;136
423;film;film;136
424;oral solid tablets;tablet;135
425;controlled release tablets;tablet-CR;133
426;effervescent tablets;orodispersible tablet;133
427;powder and solvent for sealant;solution;132
428;capsules, immediate release;capsule;131
429;"solution, extended release; instillation";solution;131
430;powder, for solution;solution;130
431;endotracheopulmonary instillation, suspension;suspension;129
432;nasal ointment;nasal ointment;127
433;rectal solution;rectal solution;127
434;solution for injection in pre-filled injector;solution for injection;124
435;capsule (delayed release);capsule-DR;123
436;lyophilisate;lyophilized powder;122
437;tablet, gastro resistant;tablet-gastroresistant;122
438;rectal cream;rectal cream;121
439;medicated thread;medicated thread;121
440;tablet delayed release;tablet-DR;120
441;accuhaler (diskus);accuhaler;117
442;globule;NA;116
443;lotion (not for ophthalmic use);lotion;114
444;powder for syrup;syrup;112
445;ampule;ampoule;112
446;repetabs;tablet;112
447;eye drops, emulsion;eye drops;111
448;tablet and powder for oral solution;oral solution;110
449;effervescent powder;powder;108
450;eye drops, solution in single-dose container;eye drops;108
451;delayed-release capsules;capsule-DR;108
452;prolonged-release capsule, soft;capsule-XR;107
453;urethral gel;urethral gel;107
454;ear spray, solution;ear spray;106
455;injectable foam;foam;106
456;medicated nail lacquer;medicated nail lacquer;105
457;endotracheopulmonary instillation;solution;104
458;solution for blood fraction modification;solution;104
459;nasal gel;nasal gel;103
460;dental liquid;dental liquid;103
461;solution ophthalmic;ophtalmic;102
462;liquid intravenous;solution for injection;101
463;powder for concen for soln for infusion;powder for infusion;101
464;dispersion;dispersion;100
465;delayed release tablets;tablet-DR;98
466;spray, metered dose;spray;97
467;solution for infusion or injection;"solution for infusion;solution for injection";96
468;tablet (extended-release);tablet-XR;95
469;plaster;plaster;94
470;solution for haemofiltration;solution for haemodialysis;94
471;patch, extended release;patch-XR;94
472;gel capsules;gel capsule;93
473;soft capsules;capsule;92
474;tablet-dispersible;orodispersible tablet;91
475;topical spray;cutaneous spray;91
476;topical gel;gel;91
477;cutaneous spray, solution;cutaneous spray;90
478;subling tablet;sublingual tablet;89
479;injectable;solution for injection;89
480;microtablets;tablet;88
481;xxx;NA;88
482;nasal spray and oromucosal solution;nasal spray;87
483;solution for injection in cartridge;solution for injection;87
484;oral powder in sachet;oral powder;86
485;injection/infusion;"solution for infusion;solution for injection";86
486;capsule, sustained release;capsule;85
487;extended-release oral suspension;oral suspension;85
488;fast dissolving tablet;orodispersible tablet;83
489;granules for syrup;syrup;83
490;endotracheopulmonary instillation, solution;solution;83
491;100009;NA;83
492;iv;solution for injection;83
493;matrix trans therapeutic syst.;transdermal system;81
494;modified release capsule;capsule-MR;81
495;nebulizer;nebuliser;81
496;tablet (extendedrelease);tablet-XR;81
497;controlled release tablet;tablet-CR;80
498;solution intramuscular;solution for injection;80
499;eye drop;eye drops;78
500;solution topical;solution;78
501;sachets;sachet;78
502;solution iv;solution for injection;76
503;powder for nebuliser solution;nebuliser;74
504;delayed-release tablets;tablet-DR;74
505;opthalmic solution;ophtalmic;73
506;suspension for oral suspension;per os;73
507;fine grain;granules;73
508;tablet-epivir-hbv;tablet;72
509;245 (tablet);tablet;72
510;pills;pills;71
511;for solution;solution;71
512;solution for sealant;solution;71
513;vaginal device;vaginal delivery system;70
514;ear spray;ear spray;70
515;eye cream;eye cream;70
516;concentrate and solvent for solution for infusion;powder for infusion;69
517;peroral;per os;69
518;enteric-coated capsules;coated capsule;68
519;nasal cream;nasal ointment;68
520;gel for injection;gel;68
521;dispersible tablets;tablet;68
522;suspension, extended release;suspension;68
523;prolonged-release oral suspension;per os;68
524;oral paste;oral paste;67
525;suspension aerosol;aerosol;67
526;inhalation, vapour;inhalation vapour;67
527;dragees;coated tablet;66
528;oromucosal solution;solution;66
529;nasal wash;nasal wash;66
530;solution for intravenous infusion;solution for infusion;66
531;oral;per os;65
532;sustained-release capsules;capsule-XR;64
533;solution for injection or infusion;"solution for infusion;solution for injection";64
534;extra formulation;NA;64
535;packet;NA;63
536;lyophilisate for suspension;suspension;62
537;inhalational powder;inhalation powder;62
538;ophthalmic drops;eye drops;60
539;concentrate;NA;60
540;vaginal tablets;vaginal tablet;60
541;bath additive;bath additive;59
542;spray, suspension;spray;59
543;liquid topical;liquid;59
544;sol;solution;58
545;oral tablet;tablet;58
546;inhalatant;inhalant;57
547;powder for extended-release oral suspension;per os;56
548;solution for injection/infusion in pre-filled syri;"solution for infusion;solution for injection";56
549;powder and solvent for injection;powder for injection;56
550;injections;solution for injection;56
551;tablet, modified release;tablet-MR;55
552;capsule (extended release);capsule-XR;55
553;ear cream;ear cream;54
554;pads;pad;54
555;preparation for external use(nos);NA;54
556;caplets;caplet;54
557;granulate for oral suspension;oral suspension;53
558;inhalation powder, tablet;tablet;52
559;gum, chewing;chewable;52
560;drop(s);drops;51
561;auto-injector;solution for injection;51
562;solution for injection in dose-dispenser cartridge;solution for injection;51
563;powder for solution intramuscular;solution for injection;51
564;cutaneous suspension;suspension;50
565;inhalation suspension;inhalation suspension;50
566;eye drops, prolonged-release;eye drops;49
567;immediate release tablet;tablet;49
568;nebuliser;nebuliser;49
569;100110;NA;49
570;powder (except dusting powder);powder;49
571;delayed release tablet;tablet-DR;49
572;medicinal gas, compressed;inhalation gas;49
573;powder and solvent for solution for injection/infu;"solution for infusion;solution for injection";48
574;solution for inhalation;inhalation solution;48
575;chewable capsule, soft;capsule;47
576;drops (for oral use);drops;47
577;puffs;inhalant;47
578;gas for inhalation;inhalation gas;47
579;powder and solvent for suspension for injection in;"solution for infusion;solution for injection";47
580;immediate release tablets;tablet;47
581;powder in bottle (lyophilized powder);powder;47
582;intravenous solution;solution for injection;47
583;gastroenteral solution;solution;46
584;film, extended release;film;46
585;controlled-release tablet ( extended);tablet-XR;45
586;aerosol, metered dose;aerosol;45
587;capsule xr;capsule-XR;44
588;powder for concentrate for solution for injection/;solution for injection;44
589;pump;pump;44
590;nasal spray, emulsion;nasal spray;43
591;prolonged release tablets;tablet-XR;43
592;tablet for rectal solution;rectal tablet;42
593;tablet sr;tablet;42
594;oral concentrate;per os;42
595;topical;topical;42
596;ointement;ointment;42
597;tincture;tincture;41
598;filmstrip;film;41
599;syringe;solution for injection;41
600;injection, powder, for solution;solution for injection;41
601;oromucosal spray, solution;spray;41
602;100165;NA;40
603;film, soluble;film;40
604;bdf-0096;NA;40
605;tablet-zyban;tablet;39
606;concentrate for gargle;oral solution;39
607;hyporet;NA;39
608;geltabs;tablet;38
609;for injection;solution for injection;38
610;dental solution;dental liquid;38
611;cap;caplet;38
612;modified-release capsule;capsule-MR;38
613;cloth;NA;38
614;unspecified injectable;solution for injection;37
615;injection-premixed;solution for injection;37
616;injection for intravenous infusion;solution for injection;37
617;tablet (delayed release);tablet-DR;36
618;concentrate and solvent for infusion;solution for infusion;36
619;solution for solution for injection;solution for injection;36
620;suspension intra-articular;suspension;36
621;nebuliser emulsion;nebuliser;35
622;injection, for intravenous use;solution for injection;35
623;powder for injection or infusion;powder for injection;34
624;capsule, coated;coated capsule;34
625;rinse;oral solution;34
626;powder, metered;aerosol;34
627;n/a;NA;34
628;nasal drops (including nasal spray;"nasal drops;nasal spray";33
629;concentrate for suspension for infusion;solution for infusion;33
630;delayed-release oral granules;granules-DR;33
631;tablet, immediate release;tablet;33
632;enteric coated capsule;coated capsule;32
633;powder for nebuliser suspension;nebuliser;32
634;enteric-coated tablets;coated tablet;32
635;orodisperible tablets;tablet;32
636;per oral;per os;32
637;liquid, extended release;liquid;32
638;solution for intravenous injection;solution for injection;32
639;powder for solution for intravesical use;solution for intravesical use;31
640;oral rinse;oral solution;31
641;concentrate and solvent for solution for injection;solution for injection;31
642;capsule, prolonged release;capsule-XR;30
643;infusions;solution for infusion;30
644;irrigation;solution;30
645;liquid oral;liquid;30
646;solution inhalation;inhalant;29
647;metered-dose (aerosol);aerosol;29
648;powder for solution for nasal spray;nasal spray;29
649;tablet cr;tablet-CR;29
650;tablet for vaginal solution;vaginal tablet;28
651;powder for oral/rectal suspension;"oral powder;rectal powder";28
652;8;NA;28
653;medicine for external use;NA;28
654;minute grain;granules;28
655;inhalation vapour, tablet;"inhalation vapour;tablet";27
656;retard tablet;tablet;27
657;cellular sheet;NA;27
658;suppository, extended release;suppository;27
659;suspension for inhalation;inhalation suspension;27
660;subcutaneous infusion;subcutaneous infusion;27
661;tbe;NA;27
662;stick;NA;26
663;extended-release chewable tablets;tablet;26
664;vaginal inserts;vaginal delivery system;26
665;vaginal suppository;suppository;26
666;concentrate for concentrate for solution for infus;solution for infusion;26
667;gastroenteral emulsion;emulsion;25
668;concentrate for intravenous infusion;solution for infusion;25
669;capsule, coated, extended release;capsule-XR;25
670;prolonged released capsule;capsule-XR;25
671;tablet, prolonged release;tablet-XR;25
672;topical aerosol foam;aerosol;25
673;powder for dispersion for infusion;powder for infusion;24
674;solution/ drops;drops;24
675;nasal/oromucosal solution;nasal wash;24
676;intracanalicular insert;implant;24
677;capsule, liquid filled;NA;24
678;shot;NA;24
679;swab;NA;24
680;oral drops, liquid;NA;24
681;encapsulated tablet;NA;23
682;sterile concentrate;NA;23
683;ear drops, emulsion;NA;23
684;bladder irrigation;NA;23
685;aerosol, foam;NA;23
686;liquid intramuscular;NA;23
687;aerosol, powder;NA;23
688;lozenge (troche and candy too);NA;23
689;scrub brush;NA;23
690;powder for dispersion for injection;NA;23
691;rinse mouth;NA;22
692;rectal capsule;NA;22
693;solution (oral use);NA;22
694;soap;NA;22
695;concentrate and solvent for concentrate for sol...;NA;22
696;liquid for external use;NA;22
697;solvent for solution for infusion;NA;22
698;liquid concentrate;NA;22
699;tablet extended release;NA;22
700;granule, delayed release;granulesâ€“DR;22
701;tablet for rectal suspension;NA;21
702;inhaler plus spacer;NA;21
703;injection, emulsion;NA;21
704;external use;NA;21
705;pump injection, injection;NA;21
706;vials;NA;21
707;solution, concentrate;NA;21
708;granulated powder;NA;21
709;lyophilized powder for injectable solution;NA;21
710;tablet, sugar coated;NA;21
711;ophthalmic suspension;NA;21
712;endotracheopulmonary instillation, powder and solv;NA;21
713;pdf-10219000;NA;21
714;dry powder aerosol;NA;20
715;medicated vaginal tampon;NA;20
716;odt (oral disintegrating tablet);NA;20
717;concentrate for concentrate for solution for in...;NA;20
718;ring;NA;20
719;tablet (entericcoated);NA;20
720;solution for injection in ampoule;NA;20
721;suppositories;NA;20
722;liquid inhalation;NA;20
723;suspension intraarticular;NA;20
724;pow;NA;20
725;injection solution concentrate;NA;20
726;slow release granule;NA;19
727;gel capsule;NA;19
728;oromucosal suspension;NA;19
729;injectible;NA;19
730;powder for inhalation;NA;19
731;intravenous injection, injection;NA;19
732;ointment topical;NA;19
733;liquid intra-articular;NA;19
734;bolus;NA;19
735;prefilled pen;NA;19
736;ophthalmic emulsion;NA;19
737;droperette;NA;19
738;intravenous or intramuscular injection;NA;18
739;solution aerosol;NA;18
740;concentrate for rectal solution;NA;18
741;tablet (orally disintegrating);NA;18
742;powder for suspension;NA;18
743;powder and solvent for solution for injection i...;NA;18
744;pellet;NA;18
745;injection syringe;NA;18
746;pump injection;NA;18
747;suspension ophthalmic;NA;18
748;6;NA;18
749;granule, for solution;NA;18
750;extended-release;NA;18
751;concentrate for dispersion for injection;NA;18
752;tablet er (extended release);NA;18
753;cream emollient;NA;17
754;sr;NA;17
755;instant herbal tea;NA;17
756;ear gel;NA;17
757;lotion/shampoo;NA;17
758;oral dispersible tablets;NA;17
759;tab uncoated;NA;17
760;slow release;NA;16
761;suspension for injection in cartridge;NA;16
762;oral drops, emulsion;NA;16
763;vaginal capsule, hard;NA;16
764;liquid for inhalation;NA;16
765;pre-filled syringe included in a auto-injector;NA;16
766;powder for oral suspension in sachet;NA;16
767;globules oral;NA;16
768;1 fp;NA;16
769;cell suspension for injection;NA;16
770;not provided.;NA;16
771;powder medicine;NA;16
772;powdered medicine;NA;16
773;59;NA;16
774;powder and solvent for solution for injection in p;NA;16
775;powder needle;NA;16
776;tablet (uncoated, oral);NA;16
777;tablet (unspecified);NA;16
778;enteric form;NA;15
779;solution (cutaneous);NA;15
780;capsules modified release;NA;15
781;solution in ampoule;NA;15
782;gastro-resistant capsule, soft;NA;15
783;powder for drink;NA;15
784;per oral medicine;NA;15
785;oral film;NA;15
786;nasal solution;NA;15
787;gas;NA;15
788;bottle;NA;15
789;sustained-release tablets;NA;15
790;prolonged-release capsules;NA;15
791;enteric coated capsules;NA;15
792;intramuscular/intravenous injection;NA;14
793;endocervical gel;NA;14
794;eye lotion;NA;14
795;oromucosal gel;NA;14
796;pastille;NA;14
797;puff;NA;14
798;patches;NA;14
799;sublingual spray, solution;NA;14
800;tablet, film coated, extended release;NA;14
801;controlled release;NA;14
802;liquid medicine for external use;NA;14
803;inhaler,reusable;NA;14
804;inhalation powder 100 mcg/50 mcg;NA;14
805;100148;NA;14
806;245 ();NA;14
807;injection for intravenous use;NA;14
808;solution for injection/infusion in pre-filled s...;NA;14
809;tablet-chewable;NA;13
810;tablet-modified release;NA;13
811;gastroenteral liquid;NA;13
812;oromucosal liquid;NA;13
813;concentrate and diluent for solution for injection;NA;13
814;dragee;NA;13
815;150 mg/ml;NA;13
816;enteric capsules;NA;13
817;chewable;NA;13
818;powder + solvent for soln for infusion;NA;13
819;100308;NA;13
820;tablet (enteric coated);NA;13
821;tablet, orally disintegrating, delayed release;tablet-DR;13
822;film coated tablet with prolonged release;NA;13
823;bead;NA;13
824;tablet, effervescent;NA;13
825;tablets for oral suspension;NA;13
826;capsule, soft gel;NA;13
827;soution for injection;NA;12
828;effervescent vaginal tablet;NA;12
829;eye drops, powder and solvent for solution;NA;12
830;crystal;NA;12
831;implant in pre-filled syringe;NA;12
832;suspension/ drops;NA;12
833;drip;NA;12
834;powder and suspension for suspension for injection;NA;12
835;tablett;NA;12
836;gel, metered;NA;12
837;transdermal gel;NA;12
838;transdermal (patch);NA;12
839;lotion, augmented;NA;12
840;120;NA;12
841;infusion pump;NA;12
842;subdermal implant;NA;12
843;inhalation vapour, impregnated plug;NA;12
844;emulsion for injection/infusion in pre-filled syri;NA;12
845;v4u000000000647;NA;12
846;tablet dispersible;NA;11
847;membrane cont. trans therapeut;NA;11
848;ear ointment;NA;11
849;dental paste;NA;11
850;liniment;NA;11
851;gargle, powder for solution;NA;11
852;enteric coated tablets;NA;11
853;dermal patch;NA;11
854;nebulizer solution;NA;11
855;powder for suspension subcutaneous;NA;11
856;injection, solution, concentrate;NA;11
857;no drug;NA;11
858;nasal spray, powder for solution;NA;11
859;metered dose inhaler;NA;11
860;concentrate for dispersion for infusion;NA;11
861;not applicable;NA;11
862;sustained-release granules;NA;11
863;ophthalmic ointment;NA;11
864;unknown,unknown;NA;11
865;rotadisk;NA;10
866;tablet-effervescent;NA;10
867;unspecified spray;NA;10
868;unspecified topical formulation;NA;10
869;lyophilized;NA;10
870;dry-coated tablet;NA;10
871;vaginal solution;NA;10
872;powder and solvent for concentrate for solution fo;NA;10
873;anticoagulant and preservative solution for blood;NA;10
874;powder for bladder irrigation;NA;10
875;tablet (enteric-coated);NA;10
876;tablet chewable;NA;10
877;intrathecal;NA;10
878;coated tablets;NA;10
879;oral suspension in sachet;NA;10
880;9;NA;10
881;ophthalmic ointment/cream;NA;10
882;retard;NA;10
883;solution nasal;NA;10
884;tablet, delayed release particles;tablet-DR;10
885;prolonged-release table;NA;10
886;suspension for suspension for injection;NA;10
887;injection solution concentr ate;NA;10
888;100209;NA;10
889;suspension intramuscular;NA;10
890;gel - pump;NA;10
891;100193;NA;10
892;tbd;NA;10
893;tbc;NA;10
894;aerosol with liquid content;NA;9
895;powder  for rectal solution;NA;9
896;concentrate for haemodialysis solution;NA;9
897;radiopharmaceutical precursor;NA;9
898;oromucosal paste;NA;9
899;oral solution/concentrate for nebuliser solution;NA;9
900;opthalmic;NA;9
901;insert, extended release;NA;9
902;drops ophthalmic;NA;9
903;disc;NA;9
904;implants;NA;9
905;powder and solvent for endosinusial solution;NA;9
906;disintegrating tablet;NA;9
907;liquid formulation for internal use;NA;9
908;transdermal solution;NA;9
909;tablet (extendedrelease;NA;9
910;0.75 mg/ml;NA;9
911;gastro resistant tablets;NA;9
912;pre-filled syringes;NA;9
913;capsule hard;NA;9
914;spray metered dose;NA;9
915;alternative form;NA;9
916;gummy;NA;9
917;pouch;NA;9
918;powder for solution intrathecal;NA;9
919;solution injectable;NA;9
920;inhalation power;NA;9
921;267 mg;NA;9
922;tablet,tablet;NA;9
923;prolonged-release tablets;NA;9
924;solution buccal;NA;9
925;cutanenous foam;NA;9
926;ear powder;NA;8
927;flush;NA;8
928;ear spray, suspension;NA;8
929;aqueous solution;NA;8
930;solution for infusion and oral solution;NA;8
931;impregnated dressing;NA;8
932;collodion;NA;8
933;capsule, gelatin coated;NA;8
934;capsule cr;NA;8
935;transfusion;NA;8
936;enteric capsule;NA;8
937;solution for injection in pre filled pen;NA;8
938;immediate release;NA;8
939;concentrate and diluent for solution for infusion;NA;8
940;sublingual tablets;NA;8
941;nasal suspension;NA;8
942;vaccine;NA;8
943;gel for gel;NA;8
944;inhalation spray;NA;8
945;powder for oral/rectal suspension in sachet;NA;8
946;pfs;NA;8
947;liquid subcutaneous;NA;8
948;tablet, sublingual;NA;8
949;powder for solution oral;NA;8
950;liquid, intravenous infusion;NA;8
951;tablet, soluble;NA;8
952;edoxaban) 11/18/2021 to ongoing 19) beclometasone;NA;8
953;"pump injection; injection";NA;8
954;powder for solutionv intravenous;NA;8
955;rectal suppository;NA;8
956;intra-nasal;NA;8
957;entericcoated capsules;NA;8
958;cpd;NA;8
959;005 ();NA;8
960;solution for haemodialysis/haemofiltration;NA;8
961;injection solution;NA;8
962;concentration for solution for infusion;NA;8
963;245;NA;8
964;che;NA;8
965;pre-filled syringe,pre-filled syringe;NA;8
966;sliding scale;NA;7
967;injection for solution;NA;7
968;meltaways;NA;7
969;lyposome;NA;7
970;liposome;NA;7
971;oromucosal drops;NA;7
972;powder for rectal suspension;NA;7
973;rectal emulsion;NA;7
974;ear wash, solution;NA;7
975;mouth wash, tablet for solution;NA;7
976;oromucosal ointment;NA;7
977;powder for solution subcutaneous;NA;7
978;powder for concentrate for dispersion for infusion;NA;7
979;"capsule;oral";NA;7
980;enteric coated;NA;7
981;powder for suspension intravenous;NA;7
982;otic suspension;NA;7
983;suspension (oral);NA;7
984;tap;NA;7
985;extend release;NA;7
986;dose cups;NA;7
987;aerosol inhaler;NA;7
988;continuous infusions;NA;7
989;disintegrating tablets;NA;7
990;respiratory inhalation;NA;7
991;nasal drop;NA;7
992;lyophilisate for solution for infusion;NA;7
993;subcutaneous solution;NA;7
994;powder for soln for intravesical use;NA;7
995;crystals;NA;7
996;1200mg/20ml/vial, injection;NA;7
997;dry vial;NA;7
998;extract;NA;7
999;strip;NA;7
1000;powder solution;NA;7
1001;retard tablets;NA;7
1002;gastroresistant tablet;NA;7
1003;injectable emulsion;NA;7
1004;comprimido revestido por pelicula;NA;7
1005;extend released;NA;7
1006;delayed- release capsule;capsule-DR;7
1007;powder and solvent for suspension for injection...;NA;7
1008;soft gel;NA;7
1009;60mg/0.4ml;NA;7
1010;tablet uncoated;NA;7
1011;douche;NA;6
1012;solvent for solution for intraocular irrigation;NA;6
1013;ir;NA;6
1014;er capsules;NA;6
1015;cutaneous sponge;NA;6
1016;gingival gel;NA;6
1017;implantation  chain;NA;6
1018;powder and solvent for prolong-rel susp, injection;NA;6
1019;inh;NA;6
1020;liq;NA;6
1021;inhaled;NA;6
1022;suspension for injection in pre-filled injector;NA;6
1023;-;NA;6
1024;lyophilized formulation;NA;6
1025;neb 1mg/ml;NA;6
1026;neb;NA;6
1027;topical cream;NA;6
1028;triple intrathecal injectiona;NA;6
1029;gastro-resistant granules for oral suspension;NA;6
1030;drops oral;NA;6
1031;implanted infusion pump;NA;6
1032;kwikpen;NA;6
1033;suspension intra- articular;NA;6
1034;eed;NA;6
1035;oit;NA;6
1036;105mg/0.7ml;NA;6
1037;metered dose;NA;6
1038;powder for cutaneous solution;NA;6
1039;tablet (entericcoated;NA;6
1040;100mg;NA;6
1041;sdv;NA;6
1042;pre filled syringes;NA;6
1043;chewable tablets;NA;6
1044;oral drop solution;NA;6
1045;solution for injection in administration system;NA;6
1046;sustained release;NA;6
1047;1200mg/20ml, injection;NA;6
1048;extended released;NA;6
1049;infusion solution;NA;6
1050;feeding tube - liquid;NA;6
1051;nebulizer vial;NA;6
1052;capsule, sustainedrelease;NA;6
1053;ophthalmic gel forming solution;NA;6
1054;solution for injection, pre filled syringe;NA;6
1055;solution for spray;NA;6
1056;pump,applicator;NA;6
1057;lumbar puncture + intrathecal injection;NA;6
1058;perfusion;NA;6
1059;oral disintegrating tablet;NA;6
1060;tb2;NA;6
1061;otc tablet;NA;5
1062;modified release capsules;NA;5
1063;oromucosal capsule;NA;5
1064;dispersable tablet;NA;5
1065;vaginal ointment;NA;5
1066;periodontal insert;NA;5
1067;pressurised inhalation, emulsion;NA;5
1068;cutaneous spray, suspension;NA;5
1069;gargle, tablet for solution;NA;5
1070;salve;NA;5
1071;solution (topical);NA;5
1072;solution intravitreal;NA;5
1073;autoinjector;NA;5
1074;vaccination;NA;5
1075;concentrate and solvent for injection;NA;5
1076;powder for injectable solution;NA;5
1077;radiopharmaceutical precursor, solution;NA;5
1078;srt;NA;5
1079;for suspension;NA;5
1080;orally-disintegrating tablet;NA;5
1081;immediate-release;NA;5
1082;eye drops,soln in single-dose container;NA;5
1083;concentrate for solution/injection;NA;5
1084;filmdragerad tablett;NA;5
1085;preparations for inhalation;NA;5
1086;inj.;NA;5
1087;periodontal powder;NA;5
1088;intravitreal injection;NA;5
1089;concen + solvent for soln for infusion;NA;5
1090;hard capsules;NA;5
1091;fish oil;NA;5
1092;solution topical hospital/facilities;NA;5
1093;tablet, for suspension;NA;5
1094;tablet(extended release);NA;5
1095;"tablet;oral";NA;5
1096;alectinib 150 mg;NA;5
1097;topical ointment;NA;5
1098;controlled-release tablets;NA;5
1099;prolonged-release granules for oral suspension;NA;5
1100;gel - tube;NA;5
1101;extended release unknown;NA;5
1102;enteral;NA;5
1103;granules for oral solution in sachet;NA;5
1104;solution for nasal spray;NA;5
1105;nasal drops, powder for solution;NA;5
1106;extended released capsule;NA;5
1107;sus;NA;5
1108;solution for organ preservation;NA;4
1109;divitab;NA;4
1110;ear spray, emulsion;NA;4
1111;gingival paste;NA;4
1112;dental stick;NA;4
1113;eye drops md preserved;NA;4
1114;wound stick;NA;4
1115;nasal stick;NA;4
1116;powder and solvent for endocervical gel;NA;4
1117;periodontal gel;NA;4
1118;solution injection;NA;4
1119;100 mg tablet;NA;4
1120;respiratory (inhalation);NA;4
1121;capsule, enteric coated;NA;4
1122;150 mg;NA;4
1123;100091;NA;4
1124;sustain release tablet;NA;4
1125;oral solution in sachet;NA;4
1126;tablet via nasogastric tube;NA;4
1127;continuous infusion;NA;4
1128;granule, for suspension;NA;4
1129;fluid;NA;4
1130;inhalation powder 250/50 mcg;NA;4
1131;tablet for cutaneous solution;NA;4
1132;prefilled syringes;NA;4
1133;solution for subcutaneous;NA;4
1134;slow-release;NA;4
1135;granules for oral drops, solution;NA;4
1136;granules in sachet;NA;4
1137;modified-release tablets;NA;4
1138;not specifed;NA;4
1139;tablet (delayedrelease);tablet-DR;4
1140;needle;NA;4
1141;low-molecular-weight;NA;4
1142;150 mg, 224 capsules;NA;4
1143;opthalmic suspension;NA;4
1144;inhlant;NA;4
1145;tampon;NA;4
1146;prolongedrelease tablets;NA;4
1147;solution for intraocular irrigation;NA;4
1148;nasal/oromucosal spray, solution;NA;4
1149;(retard)sustained release;NA;4
1150;thoracic infusion;NA;4
1151;injection, lipid complex;NA;4
1152;injectable solution in pre-filled syringe;NA;4
1153;7;NA;4
1154;powder, for suspension;NA;4
1155;tabets;NA;4
1156;"infusion; injection";NA;4
1157;gelcap;NA;4
1158;comprimido revestido;NA;4
1159;solution intrathecal;NA;4
1160;solution opthalmic;NA;4
1161;not specfied;NA;4
1162;inhalation powder 250mcg/50mcg;NA;4
1163;novorapid pump;NA;4
1164;pump (novorapid);NA;4
1165;powder and solvent for solution intravenous;NA;4
1166;sus 400 mg/10;NA;4
1167;5mg tablet;NA;4
1168;ampul;NA;4
1169;\;NA;4
1170;pre-filled pen;NA;4
1171;suspension inhalant;NA;4
1172;inhalation vapour, emulsion;NA;4
1173;prolonged relase tablet;NA;4
1174;endotracheopulmonary instillation, powder/solvent;NA;4
1175;delayed release;DR;4
1176;comprimido;NA;4
1177;asked but unknown;NA;4
1178;powder for suspension, sustained release;NA;4
1179;drinkable solution;NA;4
1180;injection, suspension, sonicated;NA;4
1181;local administration;NA;4
1182;clickjet;NA;4
1183;capsule, enteric-coated;NA;4
1184;solutio for?injection?in?pre-filled?pen;NA;4
1185;gra;NA;4
1186;actpen;NA;4
1187;additive (unspecified);NA;4
1188;drops 0.1% w/v;NA;4
1189;shampoo, suspension;NA;4
1190;293;NA;4
1191;scored film coated capsule;NA;4
1192;micro-continuous pumping;NA;4
1193;ear/eye/nasal drops, solution;NA;4
1194;120 ();NA;4
1195;071 ();NA;4
1196;v4u000000000321;NA;4
1197;extended- release capsule;NA;4
1198;150mg/ml;NA;4
1199;iv (for injection);NA;4
1200;suspension via nebulizer;NA;4
1201;concen for soln for injection/infusion;NA;4
1202;powder and solution for suspension for injection;NA;4
1203;095 ();NA;4
1204;solution subcutaneous, solution for injection;NA;4
1205;194;NA;4
1206;sub;NA;4
1207;cpe;NA;4
1208;150mg*224capsules, capsule;NA;4
1209;vaginal ovule;NA;3
1210;capsule research 1st formulation;NA;3
1211;pediatric suspension;NA;3
1212;liquid (external use);NA;3
1213;dr capsule;NA;3
1214;pour-on;NA;3
1215;concentrate for solution for  injection;NA;3
1216;cutaneous  stick;NA;3
1217;gingival solution;NA;3
1218;eye drops, powder and solvent for suspension;NA;3
1219;ear wash;NA;3
1220;vaginal emulsion;NA;3
1221;syrup pediatric;NA;3
1222;ear tampon;NA;3
1223;aerosol cfc-free;NA;3
1224;eye drops solution;NA;3
1225;prn;NA;3
1226;gargle liquid;NA;3
1227;sucking tablet;NA;3
1228;5 mg tablet;NA;3
1229;respiratory tonic;NA;3
1230;gel (reconstituted gel);NA;3
1231;powder for pral solution 0.75mg/1ml in glass bottl;NA;3
1232;odt;NA;3
1233;gel cap or gelcap;NA;3
1234;lot;NA;3
1235;ctb;NA;3
1236;teaspoonful;NA;3
1237;topical powder;NA;3
1238;100204;NA;3
1239;oral drops, powder for suspension;NA;3
1240;via continuous intravenous injection for 46 hours;NA;3
1241;dissolvable tablet;NA;3
1242;modified release;NA;3
1243;tablet er;NA;3
1244;intravenous pump injection, injection;NA;3
1245;powder for suspension oral;NA;3
1246;medicated chewing gum;NA;3
1247;liquid epidural;NA;3
1248;injection, injection;NA;3
1249;liquid intraarticular;NA;3
1250;injection/infusion solution;NA;3
1251;orodispersible tablets;NA;3
1252;pronged-release tablet;NA;3
1253;soultion for injcetion;NA;3
1254;solu;NA;3
1255;intravesical solution;NA;3
1256;ointment dental;NA;3
1257;sup;NA;3
1258;capsue;NA;3
1259;aqueous;NA;3
1260;aerochamber;NA;3
1261;hemlibra sdv 150 mg/ml;NA;3
1262;disolving tablet;NA;3
1263;pre filled syringes, subcutaneous;NA;3
1264;pil;NA;3
1265;solution intra- articular;NA;3
1266;nasal decongestant;NA;3
1267;single oral liquid dose;NA;3
1268;powder for  solution intravenous;NA;3
1269;intravenous injection, powder injection;NA;3
1270;pen-injection;NA;3
1271;intravenous pump;NA;3
1272;not specified.;NA;3
1273;not sepcified;NA;3
1274;1 per day;NA;3
1275;granules for oral and rectal suspension;NA;3
1276;sublingual;NA;3
1277;not reported;NA;3
1278;nuspin 10 pen;NA;3
1279;liquid medicine for internal use;NA;3
1280;ophtalmic solution;NA;3
1281;gtube;NA;3
1282;shots;NA;3
1283;cr;NA;3
1284;gummies;NA;3
1285;intraocular irrigation solution;NA;3
1286;prolonged-release scored tablet;NA;3
1287;sprays;NA;3
1288;oinment;NA;3
1289;1 cup;NA;3
1290;powder for intravesical solution;NA;3
1291;soultion;NA;3
1292;ring slow release;NA;3
1293;solution for topical;NA;3
1294;capsules, hard;NA;3
1295;muco adhesive buccal tablet;NA;3
1296;100024;NA;3
1297;concentrate for solution for injection or infusion;NA;3
1298;tablet (effervescent);NA;3
1299;sol inj;NA;3
1300;and manufacturing site for devices);NA;3
1301;nose drops;NA;3
1302;powder and solvent for prolonged-release suspensio;NA;3
1303;dispersible;NA;3
1304;c?psula;NA;3
1305;capsule, sustained-release;NA;3
1306;inhalations;NA;3
1307;unknown, 160/120 mg;NA;3
1308;cough;NA;3
1309;solution subcutaneos;NA;3
1310;drink;NA;3
1311;solution for suspension for injection;NA;3
1312;10 mg;NA;3
1313;dosage aerosol;NA;3
1314;pre-filled syringe x100l;NA;3
1315;eye drops_;NA;3
1316;aerosol spray;NA;3
1317;unknown, 1 %;NA;3
1318;emolient;NA;3
1319;gel - packet;NA;3
1320;continuous perfusion;NA;3
1321;intrathecal injection;NA;3
1322;l;NA;3
1323;lozenges;NA;3
1324;eye injection;NA;3
1325;film-coated granules;NA;3
1326;softgels;NA;3
1327;injection, powder injection;NA;3
1328;subcutaneous;NA;3
1329;solution for infusion_custom;NA;3
1330;respules;NA;3
1331;tablet ( extended release);NA;3
1332;retard capsule;NA;3
1333;v4u000000000333;NA;3
1334;nasogastric tube / reconstituted powder;NA;3
1335;topical suspension;NA;3
1336;bdf-0051;NA;3
1337;solution for injection in prefilled pen;NA;3
1338;231;NA;3
1339;pump injection, powder injection;NA;3
1340;transdermal spray, solution;NA;3
1341;powder for concentrate;NA;3
1342;rectal;NA;3
1343;injectable, lyophilized;NA;3
1344;capful;NA;3
1345;dose unit: unknown;NA;3
1346;injectable, liposomal;NA;3
1347;solution for infusion in cartridge;NA;3
1348;concentrated powder for solution for infusion;NA;3
1349;"concentrate for solution for injection;";NA;3
1350;uncertainty;NA;3
1351;201;NA;3
1352;liquidintravenous;NA;3
1353;dry powder multiple dose inh;NA;2
1354;pediatric tablet;NA;2
1355;foame (emollient foam);NA;2
1356;vitreous injection;NA;2
1357;respirator solution;NA;2
1358;ear drop;NA;2
1359;dental powder;NA;2
1360;spot-on;NA;2
1361;solution for iontophoresis;NA;2
1362;eye drops sdu unpreserved;NA;2
1363;gargle/mouth wash;NA;2
1364;suspension and effervescent granules for oral susp;NA;2
1365;rectal tampon;NA;2
1366;ear wash, emulsion;NA;2
1367;eye drops, solvent for reconstitution;NA;2
1368;ear/eye/nose drops, solution;NA;2
1369;intrauterine liquid;NA;2
1370;solution for skin-scratch test;NA;2
1371;vaginal foam;NA;2
1372;flex pen;NA;2
1373;intravenous drip;NA;2
1374;tablet (sustained release);NA;2
1375;125 mg solution for injection;NA;2
1376;50 mcg (2000 unit) tablet;NA;2
1377;wound covering;NA;2
1378;syringes;NA;2
1379;0.5 tablet;NA;2
1380;inhalation vapour,capsule;NA;2
1381;not speicifed;NA;2
1382;blister pack;NA;2
1383;tablet and solvent for rectal suspension;NA;2
1384;peroral medical;NA;2
1385;solution cutaneous;NA;2
1386;capsule, prolonged release, hard;NA;2
1387;solution and suspension for suspension for injecti;NA;2
1388;powder for solution for intraocular irrigation;NA;2
1389;jet;NA;2
1390;solution (extended release);NA;2
1391;20 mg tablet;NA;2
1392;75 mg tablet;NA;2
1393;1 mg tablet;NA;2
1394;80 mg tablet;NA;2
1395;40 mg capsule;NA;2
1396;fgr;NA;2
1397;macrogol;NA;2
1398;pen injector;NA;2
1399;inhalation powder 250 mcg/50 mcg;NA;2
1400;capsule, hard modified-release;NA;2
1401;suspension for injection in pre-filled syringes;NA;2
1402;dispersion to be diluted for injection;NA;2
1403;sprinkle cap;NA;2
1404;catheter arterial chemoembolization;NA;2
1405;"4 mg/ml solution for injection; solution for injec";NA;2
1406;ampoule + syringe driver;NA;2
1407;compounded liquid;NA;2
1408;cre;NA;2
1409;solution for oral cavity;NA;2
1410;v;NA;2
1411;vial, injection;NA;2
1412;powder in sachets;NA;2
1413;sterile solution;NA;2
1414;liquid suspension;NA;2
1415;injection, intravenous injection;NA;2
1416;concentrate for suspension for injection;NA;2
1417;scalp oil;NA;2
1418;powder for drinkable solution in sachet;NA;2
1419;"intravenous injection; injection";NA;2
1420;rrgcps;NA;2
1421;viscous;NA;2
1422;inhalation powder 100 mcg / 50 mcg;NA;2
1423;ready-to-fill syringes;NA;2
1424;application;NA;2
1425;soft gel capsules;NA;2
1426;intrapleural infusion;NA;2
1427;intraperitoneal perfusion;NA;2
1428;liqiud;NA;2
1429;tablet (quadrisec);NA;2
1430;lyophilized vials;NA;2
1431;sdv strength: 30 mg/ml;NA;2
1432;concentrate for infusion;NA;2
1433;no specified;NA;2
1434;2000 unit;NA;2
1435;"hemlibra sdv 150mg/ml; 60mg/0.4ml";NA;2
1436;hemlibra sdv 60mg/0.4ml;NA;2
1437;hemlibra sdv 105 mg/ 0.7 ml;NA;2
1438;peroral medcine;NA;2
1439;syr;NA;2
1440;cutaneous spray, ointment;NA;2
1441;dose powder;NA;2
1442;dual chamber cartridge;NA;2
1443;90 mcg/actuation;NA;2
1444;transhepatic arterial injection;NA;2
1445;tablet, for solution;NA;2
1446;dual release enteric-coated capsules;NA;2
1447;concentrate for solution/infusion;NA;2
1448;mouthwash oral rinse;NA;2
1449;not specifeid;NA;2
1450;18 mg tab;NA;2
1451;tablet dr;NA;2
1452;injektionsvatska, l sning;NA;2
1453;100 mcg tablet;NA;2
1454;injection, intramuscular injection;NA;2
1455;ointment ophthalmic;NA;2
1456;gastro resistant capsules, hard;NA;2
1457;solution for injection in needle-free injector;NA;2
1458;prolonged release suspension for injection;NA;2
1459;injection pen;NA;2
1460;oral tablets;NA;2
1461;capsule,delayed release;NA;2
1462;pre filled syringe;NA;2
1463;nos;NA;2
1464;oral solutions;NA;2
1465;concentrate for oral suspension;NA;2
1466;injectable gel;NA;2
1467;capsule (immediate and extended release);NA;2
1468;granules and solvent for suspension for injection;NA;2
1469;pressurized inhalation, solution;NA;2
1470;respir;NA;2
1471;intravenous (not otherwise specified);NA;2
1472;200mg/ml;NA;2
1473;dispersible tablet_custom;NA;2
1474;g-tube;NA;2
1475;via feeding tube;NA;2
1476;wash;NA;2
1477;liquefied gas for dental use;NA;2
1478;intravitreal implant;NA;2
1479;xolair vial;NA;2
1480;solution for injection for infusion;NA;2
1481;oral inhalation;NA;2
1482;xolair sdv 150mg;NA;2
1483;intravenous pump injection;NA;2
1484;juice;NA;2
1485;injection, 1200 mg/20 ml/vial;NA;2
1486;40 mg tablet;NA;2
1487;aer;NA;2
1488;solution in pre-filled pen;NA;2
1489;solution intra-arterial;NA;2
1490;"injection; continuous micropump pumping";NA;2
1491;solution pen -injection;NA;2
1492;100 mg capsule;NA;2
1493;5-325 mg tablet;NA;2
1494;iud;NA;2
1495;single-use prefilled syringe;NA;2
1496;solution, non-oral, ampule;NA;2
1497;solution for injection in pre-filled syring;NA;2
1498;liquid ophthalmic;NA;2
1499;fine granle;NA;2
1500;inhalation powder, capsule;NA;2
1501;5 mg tablets;NA;2
1502;80 mg tablets;NA;2
1503;100 mg tablets;NA;2
1504;subcutaneous injection/infusion port needle;NA;2
1505;prolonged tablets;NA;2
1506;capsules, soft;NA;2
1507;25 mg tablet;NA;2
1508;not spcecified;NA;2
1509;solution for nebulization;NA;2
1510;cutaneous spray, emulsion;NA;2
1511;0.12% solution;NA;2
1512;2% cream;NA;2
1513;5000 plus dental 1% dental cream;NA;2
1514;powder and solvent for intravesical suspension;NA;2
1515;pf;NA;2
1516;powder for solution infusion;NA;2
1517;mothwash;NA;2
1518;powder and solvent for dispersion for injection;NA;2
1519;liquid gel;NA;2
1520;pre mixed cream;NA;2
1521;prolonged release;NA;2
1522;co-infusion;NA;2
1523;ointment and cream;NA;2
1524;unspecified form;NA;2
1525;100149;NA;2
1526;267mg;NA;2
1527;liquid intra- articular;NA;2
1528;spray (not inhalation;NA;2
1529;extended released tablet;NA;2
1530;endotracheopulmonary instillation,soln;NA;2
1531;400 unit tab;NA;2
1532;801 mg;NA;2
1533;dispersion for injection/infusion;NA;2
1534;tableted;NA;2
1535;not  specified;NA;2
1536;powder and solvent for solution for injection or i;NA;2
1537;powder for suspension, sustained-release;NA;2
1538;tablets and other;NA;2
1539;tablet prolonged release;NA;2
1540;(lidocaine hydrochloride) gel;NA;2
1541;senso-ready injection pen;NA;2
1542;inhalant spray;NA;2
1543;lipstick;NA;2
1544;0.1g/vial;NA;2
1545;0.2g;NA;2
1546;0.75mg;NA;2
1547;8mg, injection;NA;2
1548;25mg, tablets;NA;2
1549;open label;NA;2
1550;tablet oral solution;NA;2
1551;dispersible tablets for oral suspension;NA;2
1552;p  para inalacao, capsula;NA;2
1553;liquid dosage form;NA;2
1554;powder packets;NA;2
1555;1% gel;NA;2
1556;powder for intraocular instillation solution;NA;2
1557;p? para concentrado para solu??o para perfus?o;NA;2
1558;effervescent granules for oral suspension;NA;2
1559;thoracic perfusion;NA;2
1560;syringe through g-tube;NA;2
1561;concentrate for infusion solution;NA;2
1562;"syrup;oral";NA;2
1563;eyedrops solution;NA;2
1564;implantation chain;NA;2
1565;concentrate for solution for heamodialysis;NA;2
1566;eye solution;NA;2
1567;50 mcg;NA;2
1568;1 percent;NA;2
1569;puffer;NA;2
1570;soultion for injection;NA;2
1571;actuation inhaler;NA;2
1572;intramuscular intrarticular;NA;2
1573;solution subcutaneous, injection;NA;2
1574;not specified u;NA;2
1575;20 meq/15 ml;NA;2
1576;ed tablet;NA;2
1577;gargle/mouthwash;NA;2
1578;powder for solution nasal;NA;2
1579;modified release tablets;NA;2
1580;metered dose aerosol;NA;2
1581;lyophilized powder for solution for injection;NA;2
1582;piece;NA;2
1583;1200mg, injection;NA;2
1584;toothbrush;NA;2
1585;toothbrush head refill;NA;2
1586;(valaciclovir hydrochloride);NA;2
1587;act pen;NA;2
1588;u-100/pump;NA;2
1589;compressed;NA;2
1590;"injvlst; injection fluid";NA;2
1591;(powder, metered);NA;2
1592;"tablet, extended release;oral";NA;2
1593;drops 3mg/ml / 1mg/ml;NA;2
1594;not  provided;NA;2
1595;infusion through port catheter on right chest;NA;2
1596;50 mcg/act suspension;NA;2
1597;single-use vial;NA;2
1598;enteric soluble capsule;NA;2
1599;hydrocortisone cream;NA;2
1600;amp sc.;NA;2
1601;concentrate and solvent for suspension for injecti;NA;2
1602;tablet or chewable;NA;2
1603;granules (nos);NA;2
1604;delay release;NA;2
1605;ounce;NA;2
1606;150mg;NA;2
1607;strength: 150mg;NA;2
1608;concentrated solution for perfusion;NA;2
1609;capsula;NA;2
1610;"pumping; injection";NA;2
1611;packing;NA;2
1612;pellet, implantable;NA;2
1613;semi-annual injection;NA;2
1614;prolonged release capsules;NA;2
1615;gel drops;NA;2
1616;4mg tablet;NA;2
1617;eye emulsion;NA;2
1618;droper gel;NA;2
1619;cartridge;NA;2
1620;insert (extendedrelease);NA;2
1621;solution non-oral;NA;2
1622;sirup;NA;2
1623;extended release, tablet;NA;2
1624;coated beads;NA;2
1625;ophthalmic irrigation;NA;2
1626;15/11/2022;NA;2
1627;100 mg in sodium chloride;NA;2
1628;aerosol dosing;NA;2
1629;concentrate solution for infusion;NA;2
1630;(powder (except [dpo]));NA;2
1631;injection/(powder for solution intravenous);NA;2
1632;solution, subcutaneous;NA;2
1633;gastro resistant tablet;NA;2
1634;liquid spray;NA;2
1635;liquid aerosol;NA;2
1636;gastro resistent tablet;NA;2
1637;pll;NA;2
1638;60mg/0.4 ml;NA;2
1639;gastrostomy - reconstituted powder;NA;2
1640;1 ampule;NA;2
1641;embolus;NA;2
1642;film tb;NA;2
1643;solution for injection, single dose pen;NA;2
1644;2df 1every 1 day;NA;2
1645;1 every 1 day;NA;2
1646;10 milligram;NA;2
1647;intramuscular;NA;2
1648;nasal;NA;2
1649;solution for parenteral nutrition;NA;2
1650;gas-solvent for dispersion for injection/infusion;NA;2
1651;tablet (uncoated);NA;2
1652;eye drops, powder for solution;NA;2
1653;nail solution;NA;2
1654;solution pen;NA;2
1655;lyophilized powder, pump injection;NA;2
1656;emulsion injection;NA;2
1657;extra strength;NA;2
1658;col;NA;2
1659;6 mg;NA;2
1660;solution for injection or infusion in pre-filled s;NA;2
1661;emulsion for injection/infusion in pre-filled s...;NA;2
1662;soft gel capsule;NA;2
1663;inject;NA;2
1664;concentrate for injection;NA;2
1665;solution for provocation test;NA;2
1666;gastro-resistant granules for oral suspension in s;NA;2
1667;solution for inejction;NA;2
1668;tablet,dispersible;NA;2
1669;irrigant;NA;2
1670;inhalation, solution;NA;2
1671;cough syrup;NA;2
1672;easy syrup;NA;2
1673;susp;NA;2
1674;powder for concentrate for solution for haemodialy;NA;2
1675;powder for solution for iontophoresis;NA;2
1676;preservative-free sterile solution;NA;2
1677;implante;NA;2
1678;197 ();NA;2
1679;spray (oral);NA;2
1680;compressa;NA;2
1681;scored breakable tablet;NA;2
1682;1 df;NA;2
1683;emicizumab;NA;2
1684;solution 0- unassigned;NA;2
1685;iv push;NA;2
1686;infusional;NA;1
1687;dispersible tablet (thin strip);NA;1
1688;cutaneous emulsions;NA;1
1689;pudding;NA;1
1690;thermagel;NA;1
1691;inlay tablet;NA;1
1692;wafers;NA;1
1693;drug implant;NA;1
1694;commercial tablet;NA;1
1695;capsules for infusion;NA;1
1696;penile band;NA;1
1697;toner;NA;1
1698;cups;NA;1
1699;panty liner;NA;1
1700;dissolved solids;NA;1
1701;taablet;NA;1
1702;oral suspension-bid;NA;1
1703;sol. for intraocular injection;NA;1
1704;dental suspension;NA;1
1705;sustained release (slow);NA;1
1706;controlled-release tablet ( medium);NA;1
1707;stomach irrigation;NA;1
1708;oromucosal/laryngopharyngeal solution/spray;NA;1
1709;inhalation vapour, effervescent tablet;NA;1
1710;dental insert;NA;1
1711;powder and solvent for cutaneous solution;NA;1
1712;endotracheopulmonary instillation, combined;NA;1
1713;light bulb-drinking solution;NA;1
1714;er coated beads;NA;1
1715;catridge;NA;1
1716;powder and solvent for nebuliser solution;NA;1
1717;ih (inhaled);NA;1
1718;sterile solution for injection;NA;1
1719;single use vial;NA;1
1720;medicine for external;NA;1
1721;inhalatanat;NA;1
1722;powder for suspension subcutaneou;NA;1
1723;solution for injectio;NA;1
1724;beverage powder;NA;1
1725;62.5 mcg/25 mcg umeclidinium, vilanterol inhalatoi;NA;1
1726;er capsule;NA;1
1727;0.15-0.02/0.01 mg tablet;NA;1
1728;extended release coated capsule;NA;1
1729;1 puff/die;NA;1
1730;smoke;NA;1
1731;orodispersable film;NA;1
1732;emulsion for emulsion for injection;NA;1
1733;100 unit vial;NA;1
1734;topical (scalp) solution;NA;1
1735;pre-filled syringe, solution subcutaneous;NA;1
1736;solution buvable;NA;1
1737;lynparza;NA;1
1738;oral/rectal solution;NA;1
1739;236 g suspension;NA;1
1740;10 meq tablet;NA;1
1741;1200mg/20ml/bottle,injection;NA;1
1742;100mg(4ml)/bottle/box,injection;NA;1
1743;2 mg/day;NA;1
1744;20 mg/day;NA;1
1745;tablet or solution;NA;1
1746;"2.52 mg/3 ml; 0.83%";NA;1
1747;via g-tube;NA;1
1748;"110 mcg/act; 2 puffs";NA;1
1749;chewable tablet,chewable tablet;NA;1
1750;extended release in 24 hr tablets;NA;1
1751;140mg;NA;1
1752;granules for suspension;NA;1
1753;fine gran;NA;1
1754;"powder for solution for injection;";NA;1
1755;rolonged release tablets;NA;1
1756;pulver till oral l sning i dospase;NA;1
1757;oral powder or for rectal solution in a jar;NA;1
1758;parenteral;NA;1
1759;25 mg  tablet;NA;1
1760;8 mg disintergrating tablet;NA;1
1761;duodenal coated pellets;NA;1
1762;vilanterol trifenatate;NA;1
1763;solution for injection pre-filled syringe;NA;1
1764;liquid filled capsule;NA;1
1765;pulmozyme neb 1mg/ml;NA;1
1766;nebulizer 1 mg/ml;NA;1
1767;tablet er (extended release );NA;1
1768;5000 unit/ml liqd;NA;1
1769;25 mg capsule;NA;1
1770;325 mg;NA;1
1771;10 meq tab;NA;1
1772;5 mg tab;NA;1
1773;120 mg;NA;1
1774;3 mg tablet;NA;1
1775;9 mg/15ml liquid;NA;1
1776;100 mg/ml  solution;NA;1
1777;intravenous infusion, 100mg/160mg;NA;1
1778;"perfusion; injection";NA;1
1779;pad;NA;1
1780;injectable emulsion, for intravenous use;NA;1
1781;spacer beads;NA;1
1782;0.05;NA;1
1783;ns 500;NA;1
1784;powder for oral solution in sachet-dose;NA;1
1785;nasal solution 0.06% (42 mcg / spray);NA;1
1786;600 mg in 500 ml 0.9% ns;NA;1
1787;nasal solution/spray;NA;1
1788;suspdr pkt;NA;1
1789;.15 mg / .03 mg;NA;1
1790;film-coated extended release tablet;NA;1
1791;gummie;NA;1
1792;1% suspension;NA;1
1793;5 mg x 1vial/year x 3years;NA;1
1794;10 mg hydrocodone/ 350 mg tylenol;NA;1
1795;powder and solvent for intravesical solution;NA;1
1796;pre-filled syringe, preservative-free, solution;NA;1
1797;80units/ml gel;NA;1
1798;100mcg/ml solution;NA;1
1799;108 (90 base)mcg/act aerosol soln;NA;1
1800;44 mcg/0.5 ml solution pref syr;NA;1
1801;160 mcg/4.5 mcg aerosol;NA;1
1802;108 (90 base) mcg/act;NA;1
1803;0.083 % nebu solution;NA;1
1804;cpap machine;NA;1
1805;solution for parenteral;NA;1
1806;strength: 300mg/10 ml;NA;1
1807;powder sachets;NA;1
1808;infant liquid;NA;1
1809;tabelet;NA;1
1810;tabletter;NA;1
1811;liquid for infusion;NA;1
1812;tablet/capsule;NA;1
1813;solution block / infiltration;NA;1
1814;intramuscular solution;NA;1
1815;not pressure;NA;1
1816;250 mcg / 50 mcg inhalation powder;NA;1
1817;solution, topical;NA;1
1818;powder, solution;NA;1
1819;kram;NA;1
1820;orondroppar;NA;1
1821;infiltration;NA;1
1822;tbalet delayed release;NA;1
1823;supplement;NA;1
1824;cylinder ampoules;NA;1
1825;oral syringe;NA;1
1826;hypopen;NA;1
1827;capsule, gastro. res.;NA;1
1828;powder solution intravenous;NA;1
1829;powder for the preparation of a suspension for ora;NA;1
1830;granules for the preparation of a suspension for o;NA;1
1831;injection, intravenous injection via pump;NA;1
1832;pre-filled syringe for subcutaneous injection;NA;1
1833;gas and solvent;NA;1
1834;cream, augmented;NA;1
1835;intrapleural  infusion;NA;1
1836;injectable or infusion solution;NA;1
1837;injectable or infusion emulsion;NA;1
1838;powder for concentrate for solution for injection;NA;1
1839;liquid for inhalation by vaporization;NA;1
1840;injection, ubcutaneous injection;NA;1
1841;powder for soln for inject or infusion;NA;1
1842;red top inhaler/unknown;NA;1
1843;inhalers;NA;1
1844;nasal canula;NA;1
1845;powder for supension;NA;1
1846;neusspray suspension;NA;1
1847;compound oral powder;NA;1
1848;extended release tablet 12 hours;NA;1
1849;via nasal prongs;NA;1
1850;product used for unknown indication;NA;1
1851;extented release;NA;1
1852;j;NA;1
1853;concentrate for emulsion for infusion;NA;1
1854;prolonged release suspension;NA;1
1855;solution for injection/infusion in prefilled syrin;NA;1
1856;1 percent, injection;NA;1
1857;infustion;NA;1
1858;25/100 mg;NA;1
1859;800/160 mg;NA;1
1860;150 mg/ml vial;NA;1
1861;105 mg/ 7ml;NA;1
1862;60 mg/0.4 m l;NA;1
1863;300 mg vials;NA;1
1864;injectable kit;NA;1
1865;spr;NA;1
1866;mwh;NA;1
1867;spoon;NA;1
1868;actuation aerosol inhaler;NA;1
1869;100 mcg / 25 mcg powder for inhalation;NA;1
1870;endosinusal wash, suspension;NA;1
1871;5% cold cream;NA;1
1872;inhalator;NA;1
1873;powder for solutio intravenous;NA;1
1874;endovervical;NA;1
1875;solution for injection, pre-filled auto-injector;NA;1
1876;analgesia (pca ) pump;NA;1
1877;aminobuttriol powder;NA;1
1878;suspension injectable;NA;1
1879;hydro-gel;NA;1
1880;tablet film coted;NA;1
1881;tablet film coated;NA;1
1882;chewable gummy tablet;NA;1
1883;inhalation suspension in pressurized bottle;NA;1
1884;tablespoonfuls;NA;1
1885;105mg/0.7ml vial;NA;1
1886;strength: 60 mg/0.4 ml;NA;1
1887;injectables;NA;1
1888;300 mg(10% ,3 ml);NA;1
1889;tablet for suspension;NA;1
1890;eye drops/ointment;NA;1
1891;ophthalmologic solution;NA;1
1892;concomitant not specified;NA;1
1893;4 tablets;NA;1
1894;dilution dispersion for injection;NA;1
1895;50 mcg tablet;NA;1
1896;4 mg tablet as needed;NA;1
1897;liqui gels;NA;1
1898;180 mg;NA;1
1899;dis tab;NA;1
1900;capsule dr;NA;1
1901;aer pow ba;NA;1
1902;tablet (entericcoated-coated);NA;1
1903;adh patch;NA;1
1904;gastric;NA;1
1905;1.5mg/0.5 pen inctr;NA;1
1906;300/ml insulin pen;NA;1
1907;70/30ml vial;NA;1
1908;tiny pil;NA;1
1909;100 unit/ml soln pen-injector;NA;1
1910;lyophilisat;NA;1
1911;powder for prolonged-release injection;NA;1
1912;pre filled syringe (device) injection;NA;1
1913;inection;NA;1
1914;teaspoonfuls;NA;1
1915;solution intraveous;NA;1
1916;subcutaneous syringe;NA;1
1917;actuation nasal spray, suspension;NA;1
1918;tabblet;NA;1
1919;depotplaster;NA;1
1920;25/5 mg;NA;1
1921;powder and solvent for gingival gel;NA;1
1922;tablets (extended release);NA;1
1923;injjection;NA;1
1924;eye dropperful;NA;1
1925;external solution;NA;1
1926;solution for injection in prefilled syringe;NA;1
1927;3 tablets;NA;1
1928;delayed-release capsule;NA;1
1929;solution for solution for infusion;NA;1
1930;0;NA;1
1931;risdiplam;NA;1
1932;ointment  250 unit/g;NA;1
1933;100mg/ml solution for injection;NA;1
1934;rotacap;NA;1
1935;1 pae size pump;NA;1
1936;50 mg;NA;1
1937;0.25 g /10 ml;NA;1
1938;0.1 g / 10 ml;NA;1
1939;piggyback set to gravity;NA;1
1940;inhalation gas 0.6 mg/ml;NA;1
1941;infusion/injection;NA;1
1942;soultion intravenous;NA;1
1943;chewable form;NA;1
1944;dilutable dispersion for injection;NA;1
1945;drinkable solution in sachet;NA;1
1946;suspension subcutaneous;NA;1
1947;40 mg;NA;1
1948;2.5-2.5% cream;NA;1
1949;4 mg tablet;NA;1
1950;solution for injection in a pre-filled injection p;NA;1
1951;solution for injection in a pre-filled injection;NA;1
1952;tablet, multilayer, extended release;NA;1
1953;40 mg per day;NA;1
1954;injection vial;NA;1
1955;powder for solution parenteral (unspecified);NA;1
1956;concentrate for solution;NA;1
1957;gasto-resistant tablets;NA;1
1958;powder for rectal solution;NA;1
1959;denture lacquer;NA;1
1960;5 drops;NA;1
1961;halft tablet;NA;1
1962;powder and solvent for soln for injection;NA;1
1963;tablets gastro-resistant;NA;1
1964;loose;NA;1
1965;spray,metered dose;NA;1
1966;1 per month;NA;1
1967;injektions-/infusionsv?tska, l?sning;NA;1
1968;solution for injection_custom;NA;1
1969;mis;NA;1
1970;capsule er;NA;1
1971;6mg/0.5;NA;1
1972;solution intraarterial;NA;1
1973;20mg/0.4ml;NA;1
1974;tablet(enteric coated);NA;1
1975;aq nuspin 10 pen;NA;1
1976;pmdi;NA;1
1977;nuspin 5 pen;NA;1
1978;injektionsvatska;NA;1
1979;aq nuspin 20 pen;NA;1
1980;4% patch;NA;1
1981;50 mcg/ actuation spray;NA;1
1982;15-2.6 mg lozenges;NA;1
1983;20-100 mcg/actuation;NA;1
1984;solution oral;NA;1
1985;aerosol (inhalation);NA;1
1986;capsle, delayed release;NA;1
1987;tablets.;NA;1
1988;ec;NA;1
1989;ophtalmic ointment;NA;1
1990;film strip;NA;1
1991;cutaneous and nasal ointment;NA;1
1992;hard gastro-resistant capsules;NA;1
1993;liposome powder for suspension for infusion;NA;1
1994;tablet, ooated,;NA;1
1995;powder for solution intravenos;NA;1
1996;vaping;NA;1
1997;capsule dealyed release;NA;1
1998;gel pill;NA;1
1999;suspension for injection in pfs;NA;1
2000;pak;NA;1
2001;150 mg/ml pfs;NA;1
2002;150 er;NA;1
2003;pfs 150 mg/ml;NA;1
2004;180 mcg-4.5mcg/inh;NA;1
2005;0.5 mg-2.5mg/3 ml;NA;1
2006;90 mcg/inh;NA;1
2007;137 mcg/inh;NA;1
2008;50 mcg/inh;NA;1
2009;10mg/ml;NA;1
2010;pfs 150mg/ml;NA;1
2011;150mg/ml syr;NA;1
2012;inj 162;NA;1
2013;150 mg /ml pfs;NA;1
2014;75 mg pfs;NA;1
2015;150 mg sd pfs;NA;1
2016;25 mg solution for injection in prefilled syringe;NA;1
2017;inhalation powder 250 mcg / 50 mcg;NA;1
2018;capsule, immediate release;NA;1
2019;100mg(4ml)/bottle/box;NA;1
2020;50 mg tablet;NA;1
2021;220 mg capsule;NA;1
2022;powder and solution for oral solution;NA;1
2023;strips and tablets;NA;1
2024;concentration: 1200 mg;NA;1
2025;"powder injection; continuous micropump pumping";NA;1
2026;gastroresistant microgranules in capsule;NA;1
2027;powder for oral solution sachet-dose;NA;1
2028;er tablet;NA;1
2029;powder for dillution;NA;1
2030;lution subcutaneous;NA;1
2031;"14 ml vial; conc sol";NA;1
2032;spray,  metered dose;NA;1
2033;"prefilled syringe; solution subcutaneous";NA;1
2034;100118;NA;1
2035;300 mg capsule;NA;1
2036;200 mg tablet;NA;1
2037;20 mg delayed release tablet;NA;1
2038;solution  intravenous;NA;1
2039;tablet enteric coated;NA;1
2040;specified;NA;1
2041;rapid dissolve tablet;NA;1
2042;powder for suspension, sustainedrelease;NA;1
2043;aerosol solution;NA;1
2044;200 mg capsule;NA;1
2045;400 mg tablets;NA;1
2046;300 mg tablets;NA;1
2047;420 mg tablets;NA;1
2048;200mg tablets;NA;1
2049;0.5 mg tablets;NA;1
2050;25 mg tablets;NA;1
2051;0.4 mg capsule;NA;1
2052;inhalation capsule;NA;1
2053;tablet, sugarcoated;NA;1
2054;vaginal suspension;NA;1
2055;mouth rinse;NA;1
2056;gel tablet;NA;1
2057;infused;NA;1
2058;liquid solution for inhalation;NA;1
2059;koncentrat till injektionsv?tska, dispersion;NA;1
2060;80 mg 4 ml sdv;NA;1
2061;200mg/ml suspension;NA;1
2062;0.5 mg/2 ml suspension for nebulization;NA;1
2063;100 unit/ ml (3 ml) subcutanenous insulin pen;NA;1
2064;20 mg capsule delayed release;NA;1
2065;0.25 mg tablet;NA;1
2066;50 mg tablets;NA;1
2067;tukysa 150 mg tablets;NA;1
2068;magox 400;NA;1
2069;oral spray;NA;1
2070;0.5 gm / inhalation;NA;1
2071;not specified  (inhalation);NA;1
2072;powder and solvent for conc for soln for infusion;NA;1
2073;pac;NA;1
2074;effervescent nos;NA;1
2075;pow/solv fr instil sol fr intraocul use;NA;1
2076;pca;NA;1
2077;gastro resistant coated tablet;NA;1
2078;liquid form;NA;1
2079;kapsel, h?rd;NA;1
2080;solution in infusion;NA;1
2081;granulated powde;NA;1
2082;solution drinkable in ampoule;NA;1
2083;high-flow nasal cannula;NA;1
2084;nasal cannula;NA;1
2085;gastro-resistant film-coated tablet;NA;1
2086;200,000 units/ ml suspension;NA;1
2087;100 mg softgel;NA;1
2088;1.25 mg (50,000 unit);NA;1
2089;1 mg capsule;NA;1
2090;0.5 mg capsule;NA;1
2091;750 mg/5 ml;NA;1
2092;owder for solution intravenous;NA;1
2093;tablets efg;NA;1
2094;pressured inhalation solution;NA;1
2095;liquid intravvenous;NA;1
2096;scrub;NA;1
2097;powder for solution iintramuscular;NA;1
2098;powder for solution intramusclar;NA;1
2099;solution intra-articular;NA;1
2100;solution, non-oral;NA;1
2101;750mg/5ml suspension;NA;1
2102;500mg tablet;NA;1
2103;bag;NA;1
2104;soft gastro-resistant capsules;NA;1
2105;modified-release capsules;NA;1
2106;coated tabled;NA;1
2107;2tb;NA;1
2108;all tab;NA;1
2109;nasal cannulation;NA;1
2110;aer 108;NA;1
2111;cannula;NA;1
2112;capsule 267mg;NA;1
2113;unknown 267mg;NA;1
2114;unknown 801 mg;NA;1
2115;oin;NA;1
2116;sol 500 mg;NA;1
2117;1000 units cap;NA;1
2118;0.63 mg/3ml nebu soln inhalation solution;NA;1
2119;2.65 % solution;NA;1
2120;not spesified;NA;1
2121;injrction;NA;1
2122;suspension for emulsion and suspension;NA;1
2123;hemlibra sdv 105 mg/ 0.7ml;NA;1
2124;regular pill, not a capsule;NA;1
2125;venetoclax;NA;1
2126;infusion,solution;NA;1
2127;tablet prolonged-release;NA;1
2128;300mg/10ml sdv;NA;1
2129;pilll;NA;1
2130;push;NA;1
2131;extended-release microgranules in capsule;NA;1
2132;externally lotion;NA;1
2133;externally cream;NA;1
2134;inhalation powder, hard capsules;NA;1
2135;tablet-10mg;NA;1
2136;autu injector;NA;1
2137;1 application;NA;1
2138;"solution;oral";NA;1
2139;oromucosal patch;NA;1
2140;"intramuscular injection; injection";NA;1
2141;dilutable solution for infusion;NA;1
2142;psyllium capsule;NA;1
2143;cement application;NA;1
2144;injektionsv?tska, l?sning i f?rfylld spruta;NA;1
2145;powder for solutiuon for infusion 4 g/0.5 g;NA;1
2146;ampoul;NA;1
2147;canister;NA;1
2148;pseudoephedrine hydrochloride;NA;1
2149;tablets delayed release;NA;1
2150;supension;NA;1
2151;amphotericin b;NA;1
2152;not specifiied;NA;1
2153;30mg/ml 14 ml;NA;1
2154;--select--;NA;1
2155;oral concentrate usp (cherry);NA;1
2156;oral concentrate/red-collored oral solution;NA;1
2157;nebulisers;NA;1
2158;intravenous infusion,;NA;1
2159;solution subcutaneou;NA;1
2160;100mg, injection;NA;1
2161;oral solution 5 mg / 5 ml;NA;1
2162;powder+solvent for prolonged-release suspension fo;NA;1
2163;konsentrat;NA;1
2164;elixer;NA;1
2165;tablet film-coated;NA;1
2166;soft gelatin capsules;NA;1
2167;"micropump pump; injection";NA;1
2168;peritoneal perfusion;NA;1
2169;"peritoneal perfusion; injection";NA;1
2170;"pump injection;injection";NA;1
2171;"continuous intravenous injection; injection";NA;1
2172;metred nasal spray;NA;1
2173;jel tab;NA;1
2174;spray, non aerosol;NA;1
2175;powder for solution ophthalmic;NA;1
2176;"subcutaneous injection; injection";NA;1
2177;globules;NA;1
2178;pump injection,  powder injection;NA;1
2179;dressing;NA;1
2180;solucao injetavel;NA;1
2181;injection liquid;NA;1
2182;stomach-resistant tablet;NA;1
2183;injection fluid;NA;1
2184;film-wrapped tablet;NA;1
2185;prolonged-release solution for injection;NA;1
2186;"intrapleural administration; injection";NA;1
2187;inhalationspulver;NA;1
2188;inhalationsv?tska, l?sning;NA;1
2189;tuggtablett;NA;1
2190;21 mg/ml;NA;1
2191;vials, subcutaneous;NA;1
2192;infusion liquid, emulsion;NA;1
2193;extended-release (er);NA;1
2194;8mg/kg;NA;1
2195;powder to concentrate for solution for infusion;NA;1
2196;gastroresistent hard capsules;NA;1
2197;100 mg/10 ml;NA;1
2198;not provide;NA;1
2199;0.2 to 0.5 percent eye drop;NA;1
2200;laryngopharyngeal solution;NA;1
2201;dr;NA;1
2202;bdf-0069;NA;1
2203;0.4mg;NA;1
2204;43;NA;1
2205;sustained release depot;NA;1
2206;gel pump;NA;1
2207;);NA;1
2208;capsule deleayed release;NA;1
2209;depottablett;NA;1
2210;5 ();NA;1
2211;840 mg vial;NA;1
2212;capsule 0.4 mg;NA;1
2213;concentrate and solvent for concentrate for soluti;NA;1
2214;single dose vial;NA;1
2215;injectable solution for i.v. infusion;NA;1
2216;prolonged relesase tablet;NA;1
2217;plv ifo;NA;1
2218;tbl obd;NA;1
2219;plv ino;NA;1
2220;tbl;NA;1
2221;cps;NA;1
2222;entero capsule, hard;NA;1
2223;tablet -extended release;NA;1
2224;powder for solution to dilute for infusion;NA;1
2225;18 mg;NA;1
2226;220 mcg;NA;1
2227;0.5 mg;NA;1
2228;0.35 mg;NA;1
2229;4 mg;NA;1
2230;1-0.05%;NA;1
2231;2.5 mg/ 3ml;NA;1
2232;20 mg;NA;1
2233;disk;NA;1
2234;0.9% solution;NA;1
2235;flexpen;NA;1
2236;intravenous injection bag;NA;1
2237;10 meq;NA;1
2238;aerosol, metered dose inhalation;NA;1
2239;suspension spray, metered dose intra-nasal;NA;1
2240;vaginal soft capsule;NA;1
2241;tablet, slow release;NA;1
2242;powder in a drink;NA;1
2243;tab 100 mg;NA;1
2244;tab 10 mg;NA;1
2245;1000 mg-400 unit/30 ml , liq;NA;1
2246;10 mg/ml (1 %);NA;1
2247;sol 5 mg/ 5ml;NA;1
2248;tab delayed release before breakfast;NA;1
2249;1 capful with water;NA;1
2250;20 mg tab;NA;1
2251;20 mcg/dose, 600 mcg/2.4 ml, inject;NA;1
2252;oropharyngeal;NA;1
2253;150 mg/ml solution for injection;NA;1
2254;not specifiedvvvvvvvv;NA;1
2255;insulin (globules);NA;1
2256;film coated tab;NA;1
2257;subcutaneous formulation;NA;1
2258;suspension drops;NA;1
2259;powder for reconstitution;NA;1
2260;aep;NA;1
2261;soluution;NA;1
2262;paclitaxel injection;NA;1
2263;100mg(4mg)/vial/box, injection;NA;1
2264;unknown, 875/125 mg;NA;1
2265;normal saline) 03/16/2022 to 03/16/2022 19) bisaco;NA;1
2266;solution for injection/231;NA;1
2267;soliutiion;NA;1
2268;opthalmic ointment;NA;1
2269;ultratabs;NA;1
2270;p? para solu??o oral;NA;1
2271;concentrate for solution for intraocular irriga...;NA;1
2272;spray metered, dose;NA;1
2273;powder solution for infusion;NA;1
2274;in 1000 ml physiological solution;NA;1
2275;in 500 ml glucose solution 5%;NA;1
2276;hard capsule with gastro-resistant pellets;NA;1
2277;tablets 100 mg;NA;1
2278;injection 6 mg / .5 ml;NA;1
2279;colonosoluble capsules;NA;1
2280;emulsion and suspension for emulsion for injection;NA;1
2281;low flow;NA;1
2282;metered-dose (aerosol;NA;1
2283;solution subcutanoeus;NA;1
2284;ribbon;NA;1
2285;coated granules in sachet;NA;1
2286;delayed release capsuled;NA;1
2287;flluid;NA;1
2288;powder for external use;NA;1
2289;injection fluid, solution;NA;1
2290;60mg vial;NA;1
2291;eye formula;NA;1
2292;film-coated tablet 49/51 mg;NA;1
2293;oral drops solution;NA;1
2294;pen device for injection;NA;1
2295;tablets 8 mg / 2 mg;NA;1
2296;tablets 2 mg/0.5 mg;NA;1
2297;sublingual tablets 8 mg / 2 mg;NA;1
2298;sublingual tablets 8mg/2mg;NA;1
2299;solution, nasal;NA;1
2300;concen for peritoneal dialysis soln;NA;1
2301;solution for perfusion;NA;1
2302;injection, 5ml:30mg;NA;1
2303;injection, 5ml:50mg;NA;1
2304;tablet, uncoated;NA;1
2305;sustained-release;NA;1
2306;1 ounce;NA;1
2307;spray non aerosol;NA;1
2308;15 mg/day;NA;1
2309;tablet extended release 24 hour;NA;1
2310;(2.5 mg/3ml) 0.083% nebulization solution;NA;1
2311;film coated;NA;1
2312;discus;NA;1
2313;0.15% drop;NA;1
2314;extended release film tablet;NA;1
2315;film-coated tablet_custom;NA;1
2316;micro pump, injection;NA;1
2317;filmed coated tablet;NA;1
2318;mixture;NA;1
2319;unknwon,unknwon;NA;1
2320;injection needle;NA;1
2321;sodium phosphate monobasic;NA;1
2322;p  para inalacao em recipiente unidose;NA;1
2323;c?psula/ capsule;NA;1
2324;24 hour extended release;NA;1
2325;injectable solution on pre-filled syringe;NA;1
2326;nasal spray, solution/oromucosal solution;NA;1
2327;perles;NA;1
2328;200 mg;NA;1
2329;restasis ophthalmic emulsion;NA;1
2330;guaifenesin-codeine oral solution 1;NA;1
2331;dacogen intravenous solution recons;NA;1
2332;p  para inalacao;NA;1
2333;suspension for nasal spray;NA;1
2334;ophthalamic solution;NA;1
2335;tablet gastro.res.;NA;1
2336;dispersion for  infusion;NA;1
2337;4 percent;NA;1
2338;extended;NA;1
2339;roll;NA;1
2340;60mg/0,4ml;NA;1
2341;vcm, 1g per 12 hours;NA;1
2342;0.5 g, qd;NA;1
2343;0.45 g, qm;NA;1
2344;evrysdi x 4 weeks;NA;1
2345;liquid via ng tube;NA;1
2346;capsule, 600mg;NA;1
2347;insulin;NA;1
2348;100/50mcg;NA;1
2349;injeciton;NA;1
2350;injectable gel with lidocaine;NA;1
2351;nasal drops, emulsion;NA;1
2352;extended release tablet, 0.25 mg;NA;1
2353;fast acting;NA;1
2354;slow acting;NA;1
2355;time release;NA;1
2356;solution for injection in pre- filled pen;NA;1
2357;effervescent granules for sachet oral solution;NA;1
2358;pdf-10504000;NA;1
2359;"micropump pumping; injection";NA;1
2360;"micropump pumping; powder injection";NA;1
2361;sustained release coated tablet;NA;1
2362;inhalation.gas;NA;1
2363;sustained release capsules;NA;1
2364;inhaled aerosol powder;NA;1
2365;rescue inhaler;NA;1
2366;topical 0.05% topical solution;NA;1
2367;0.05% topical cream;NA;1
2368;0.05% topical foam;NA;1
2369;powder for suspension, sustain sustained release;NA;1
2370;pflaster;NA;1
2371;injector;NA;1
2372;diserable tablet;NA;1
2373;pen needle;NA;1
2374;emollient cream;NA;1
2375;30mg capsule dr;NA;1
2376;600mg tablet;NA;1
2377;15mg tablet;NA;1
2378;20mg capsule dr;NA;1
2379;injection,  injection;NA;1
2380;jnj 78436735);NA;1
2381;gel in pressurised container;NA;1
2382;packets;NA;1
2383;extended relaese;NA;1
2384;disintegrating talet;NA;1
2385;click pen;NA;1
2386;extended release in 12 hr capsule;NA;1
2387;extended release tablets in 24 hours;NA;1
2388;extended release tablets in 12 hours;NA;1
2389;depot;NA;1
2390;10 drop;NA;1
2391;premedicated syringe;NA;1
2392;film coated gastro-resistant tablet;NA;1
2393;solotion;NA;1
2394;perora;NA;1
2395;bdf-0096 ();NA;1
2396;liquiid;NA;1
2397;ring (slowrelease);NA;1
2398;solutions subcutaneous;NA;1
2399;powder bag;NA;1
2400;injection (albumin bound-form);NA;1
2401;demand, metered dose inhaler;NA;1
2402;ongoing;NA;1
2403;solu?o injet?el;NA;1
2404;10mg-50mg-100mg tablets;NA;1
2405;od tablet;NA;1
2406;oral suspension delayed release;NA;1
2407;cpasule;NA;1
2408;lyophilized powder for injection;NA;1
2409;xr tablet;NA;1
2410;injektionsv?tska;NA;1
2411;tablet (enteric- coated);NA;1
2412;sdv 60 mg/0.4 ml;NA;1
2413;sdv 105 mg/0.7 ml;NA;1
2414;not speccified;NA;1
2415;95 mg in dextrose 5 %;NA;1
2416;solution subcutaneo us;NA;1
2417;mw;NA;1
2418;dilution;NA;1
2419;nose spray;NA;1
2420;loz;NA;1
2421;tablet (extendedreleas);NA;1
2422;capsule, controlleddelivery;NA;1
2423;occlusive dressing technique;NA;1
2424;block;NA;1
2425;suspension for spray;NA;1
2426;metered dose spray;NA;1
2427;implant (nos);NA;1
2428;solution of injection;NA;1
2429;(tape (including poultice));NA;1
2430;mr;NA;1
2431;et tablet;NA;1
2432;powder for solution, intravenous;NA;1
2433;solution (oral topical);NA;1
2434;ccapsule,hard;NA;1
2435;drops susp;NA;1
2436;film coated tabelt;NA;1
2437;prolonged rekease tablet;NA;1
2438;solution for injection in prefilled  pen;NA;1
2439;intravenous bolus;NA;1
2440;act suspension nasal;NA;1
2441;actuation;NA;1
2442;tablet, coated particles;NA;1
2443;sftg;NA;1
2444;pastilles;NA;1
2445;soluble;NA;1
2446;filgrastim (genetical recombination);NA;1
2447;sustainable release tablets;NA;1
2448;ptf-22010;NA;1
2449;sol inj fr iv powder;NA;1
2450;as needed;NA;1
2451;oral disentigrating tablet (odt);NA;1
2452;blisters;NA;1
2453;polvo y disolvente para soluci?n inyectable;NA;1
2454;moisturizing mouth spray;NA;1
2455;146 ();NA;1
2456;ear/eye ointment;NA;1
2457;ovule;NA;1
2458;extended releasetablet;NA;1
2459;delayed release pellets;NA;1
2460;nooot specified;NA;1
2461;powder for solution for injection/skin-prick test;NA;1
2462;self-injectable pen;NA;1
2463;retard-tablets;NA;1
2464;pflaster transdermal;NA;1
2465;solution for injection in pre-filled pen, mycli...;NA;1
2466;solution for unfusion;NA;1
2467;100178;NA;1
2468;v4u000000000616;NA;1
2469;sterile liquid;NA;1
2470;solution a diluer pour perfusion;NA;1
2471;autohaler;NA;1
2472;enteric coating drug;NA;1
2473;paclitaxel;NA;1
2474;topical lotion;NA;1
2475;sustained release implant;NA;1
2476;coated pill;NA;1
2477;controlle-release;NA;1
2478;212 (2.1);NA;1
2479;capsulas duras efg;NA;1
2480;emicizumab 60 mg/0.4 ml;NA;1
2481;intraperitoneal solution;NA;1
2482;solution in sachet;NA;1
2483;7.5/325 mg;NA;1
2484;230 mcg-21 mcg/ inh;NA;1
2485;injection (pen);NA;1
2486;spray (not inhalation), metered dose;NA;1
2487;aerosol for inhalation, metered dose;NA;1
2488;delayed rele tablet;NA;1
2489;solution prefil;NA;1
2490;powder inhaler;NA;1
2491;(powder inhaler);NA;1
2492;injection, infusion;NA;1
2493;sponges;NA;1
2494;solutionsubcutaneous;NA;1
2495;293 ();NA;1
2496;solution  subcutaneous;NA;1
2497;1 packet;NA;1
2498;atomization inhalation solution;NA;1
2499;laxative;NA;1
2500;];NA;1
2501;tablets, sustained release;NA;1
2502;bdf-0082;NA;1
2503;bdf-0054;NA;1
2504;bdf-0061;NA;1
2505;drp;NA;1
2506;anhydrous;NA;1
2507;solution opthlamic;NA;1
2508;round white;NA;1
2509;concentrate for infusion solution 160 mg/8 ml;NA;1
2510;powder for cencentrate;NA;1
2511;external patch 5%;NA;1
2512;tablet, multilayer;NA;1
2513;nasal solution 0.03%, 21 mcg / spray;NA;1
2514;169 ();NA;1
2515;v4u000000000648;NA;1
2516;emollient;NA;1
2517;4;NA;1
2518;pdf-10502000;NA;1
2519;100078;NA;1
2520;1200 mg/ 20 ml;NA;1
2521;sol 1 mg ml;NA;1
2522;intraocular implant;NA;1
2523;injection into the eye;NA;1
2524;60mg/80ml;NA;1
2525;60 mg/bottle;NA;1
2526;v4u000000000302;NA;1
2527;inhalation ae;NA;1
2528;nasal spray,suspension;NA;1
2529;solution for injection in pre filled syringe;NA;1
2530;sustained released;NA;1
2531;film-coated tab;NA;1
2532;164 ();NA;1
2533;micropump pumping;NA;1
2534;enteric;NA;1
2535;gums;NA;1
2536;pre-filled syringe, preservative free;NA;1
2537;bump injection, injection;NA;1
2538;smelttablet;NA;1
2539;powder v drink in sachet;NA;1
2540;comprimido revestido por pel?cula;NA;1
2541;puff inhaler;NA;1
2542;powd pack;NA;1
2543;solution for injection/skin-prick test;NA;1
2544;50mg tablet-check;NA;1
2545;dissolvable tablets;NA;1
2546;`;NA;1
2547;system;NA;1
2548;gas and solvent for dispersion for injection/infus;NA;1
2549;capsule for inhalation;NA;1
2550;injetion;NA;1
2551;slow release bd;NA;1
2552;=;NA;1
2553;extended- release capsules;NA;1
2554;pen, injection;NA;1
2555;drips;NA;1
2556;eextended-release capsules;NA;1
2557;flu vaccine;NA;1
2558;capsules, 150mg * 224capsules;NA;1
2559;injection,solution;NA;1
2560;lyophilisat oral;NA;1
2561;ear wax sol;NA;1
2562;1 m sop;NA;1
2563;sop;NA;1
2564;transmission of drug via semen;NA;1
2565;solution, powder;NA;1
2566;spray-dry tablet;NA;1
2567;breezhaler;NA;1
2568;ihnaled;NA;1
2569;0.1 mg/gram cream;NA;1
2570;90 mcg inhelar;NA;1
2571;liquid,liquid;NA;1
2572;solution (except syrup));NA;1
2573;100 unit/ ml (70/30) suspesion;NA;1
2574;intrauterine hormonal device;NA;1
2575;contraceptive coil;NA;1
2576;150/ml;NA;1
2577;makeup;NA;1
2578;suspention;NA;1
2579;230-21 mcg inhaler mcg/actuation;NA;1
2580;137-50 mcg/spray;NA;1
2581;inhale spray 2.5 mcg/actuation;NA;1
2582;45 mcg inhaler mcg/actuation;NA;1
2583;dry suspension;NA;1
2584;pen injection;NA;1
2585;water pill;NA;1
2586;inhalation, suspention;NA;1
2587;(extra formulation);NA;1
2588;dose unit: u;NA;1
2589;solution for injection in pre-filled pen, myclic p;NA;1
2590;cutaneous;NA;1
2591;starter pack, 10mg-50mg-100mg tablets;NA;1
2592;inhaler 90mcg/actuation;NA;1
2593;25mg extended release 24 hr tablet (succinate);NA;1
2594;delayed release capsule, enteric coated;NA;1
2595;powder and solvent for concentrate for solution...;NA;1
2596;opth solution;NA;1
2597;pre-filled syringe,direct auto-injector;NA;1
2598;injection (prefilled pen);NA;1
2599;delayed-released tablet;NA;1
2600;not specififed;NA;1
2601;powder + solvent for suspen for injecti;NA;1
2602;intramammary solution;NA;1
2603;tb1;NA;1
2604;dispersion injectable;NA;1
2605;senso-ready pen;NA;1
2606;cutaneous/nasal ointment;NA;1
2607;kapsel, hard;NA;1
2608;enterokapsel, hard;NA;1
2609;powder vial;NA;1
2610;hemlibra sdv 105mg/ 0.7 ml;NA;1
2611;105mg/0.7 ml;NA;1
2612;150mg/ml vial;NA;1
2613;antiemetic ampoule;NA;1
2614;child solution;NA;1
2615;peppermint oil tablets;NA;1
2616;extr tab;NA;1
2617;ch tbc;NA;1
2618;su neb;NA;1
2619;b sus;NA;1
2620;alle sus;NA;1
2621;s tb2;NA;1
2622;ab;NA;1
2623;gel cap;NA;1
2624;tablet mga;NA;1
2625;pdr f drink (sachet);NA;1
2626;intravenous infusion,intravenous infusion;NA;1
2627;intravenous infusion,solution for infusion;NA;1
2628;continuous intravenous injection 46 hours;NA;1
2629;inhallation powder;NA;1
2630;metronomic;NA;1
2631;solution, inhalation;NA;1
2632;powder for prolonged-release suspension;NA;1
2633;oral/rectal suspension;NA;1
2634;glass vial;NA;1
2635;inhalation use;NA;1
2636;enteric-soluble tablet;NA;1
2637;0.1 percent ns;NA;1
2638;cleanser;NA;1
2639;gas for dispersion for injection/infusion;NA;1
2640;pain patches;NA;1
2641;eye ointment_do not use;NA;1
2642;powder for solution for injection,powder for so...;NA;1
2643;bar soap;NA;1
2644;powder+solvent for concentrate for solution for in;NA;1
2645;powder metered dose;NA;1
2646;metered dose (aerosol);NA;1
2647;solution for injection/solution subcutaneous;NA;1
2648;microgranule with extended release in capsule;NA;1
2649;injetable;NA;1
2650;sr liquid;NA;1
2651;lyophilized powder vial for iv injectable solution;NA;1
2652;ta;NA;1
2653;3 mg/ml;NA;1
2654;powder, lyophilized;NA;1
2655;ec capsule;NA;1
2656;inhalation soln,;NA;1
2657;20mg-800;NA;1
2658;injection, 1200 mg/20ml;NA;1
2659;injection, 1200 mg;NA;1
2660;177 (2.1);NA;1
2661;film-coated scored tablet;NA;1
2662;via peg (percutaneous endoscopic gastrostomy) tube;NA;1
2663;via peg;NA;1
2664;strips;NA;1
2665;modified-release granules for oral suspension;NA;1
2666;otic drops;NA;1
2667;capsule 0.5 mg/300 mg;NA;1
2668;pre filled syringe (device);NA;1
2669;capsule, powder;NA;1
2670;solucao para inalacao por nebulizacao;NA;1
2671;inhalor;NA;1
2672;compressed long-release divisible;NA;1
2673;250 ();NA;1
2674;solution fot infusion;NA;1
2675;compressed breakable film;NA;1
2676;nasal rinse;NA;1
2677;pink and white capsules;NA;1
2678;soft tablet;NA;1
2679;inhalator aerosol solution;NA;1
2680;auto-injector solution;NA;1
2681;hfa;NA;1
2682;injection, solution pre-filled pen;NA;1
2683;powder for soulution for infusion;NA;1
2684;capsule, film coated, extended release;NA;1
2685;transdermal ointment;NA;1
2686;solvent;NA;1
2687;rotacaps;NA;1
2688;injection pump;NA;1
2689;liquidpneumon;NA;1
2690;oral glucose gel;NA;1
2691;92;NA;1
2692;powder and solvent for prolonged-release suspen...;NA;1
2693;nebulisation solution;NA;1
2694;unknown, 300 mg/30 mg;NA;1
2695;inhale;NA;1
2696;u;NA;1
2697;powder for concentrate for solution for injecti...;NA;1
2698;continuous pump 24 hours;NA;1
2699;softgel capsules;NA;1
2700;powder and solvent for solution for injection 1000;NA;1
2701;002 ();NA;1
2702;coated;NA;1
2703;cataplasms;NA;1
2704;ridisplam - reconstituted powder;NA;1
2705;transcapsule;NA;1
2706;"infusion; powder injection";NA;1
2707;troches;NA;1
2708;156;NA;1
2709;nebu;NA;1
2710;cartridge holder only;NA;1
2711;solution for injection in pre-filled injection;NA;1
2712;liquid intra articular;NA;1
2713;dissolvable capsule;NA;1
2714;capsule delayed relased;NA;1
2715;liquid parenteral;NA;1
2716;anticoagulant + preserva soln for blood;NA;1
2717;capsule, delayed  release;NA;1
2718;1.5mg feed tube;NA;1
2719;100 unit/ml solution;NA;1
2720;100unit/ml;NA;1
2721;40 mg/ml oral suspension;NA;1
2722;15mg/ml syrup;NA;1
2723;230;NA;1
2724;inhaled via nebulizer;NA;1
2725;solution form;NA;1
2726;pf pen,pf pen;NA;1
2727;tabet;NA;1
2728;one pill;NA;1
2729;oral solution (pink);NA;1
2730;solution for injetion;NA;1
2731;powder for concentrate for solution for infusion a;NA;1
2732;concentrate for cutaneous spray, emulsion;NA;1
2733;pomada oft?lmica;NA;1
2734;lumbar puncture;NA;1